site_name,conflicts,existing_source,new_source,existing_data,new_data
Beaver Creek: N 4370 Rd,"[""latitude: '35.1122' vs '35.112204'"", ""longitude: '-95.24357' vs '-95.243565'"", ""county: 'Haskell' vs '.'""]",cleaned_site_data.csv,cleaned_chemical_data.csv,"{'site_name': 'Beaver Creek: N 4370 Rd', 'latitude': 35.1122, 'longitude': -95.24357, 'county': 'Haskell', 'river_basin': 'Arkansas R.', 'ecoregion': 'Arkansas Valley', 'source_file': 'cleaned_site_data.csv', 'source_description': 'Master site data', 'latitude_source': 'cleaned_site_data.csv', 'longitude_source': 'cleaned_site_data.csv', 'county_source': 'cleaned_site_data.csv', 'river_basin_source': 'cleaned_site_data.csv', 'ecoregion_source': 'cleaned_site_data.csv'}","{'site_name': 'Beaver Creek: N 4370 Rd', 'latitude': 35.112204, 'longitude': -95.243565, 'county': '.', 'river_basin': 'Arkansas R.', 'ecoregion': None, 'source_file': 'cleaned_chemical_data.csv', 'source_description': 'Original chemical data'}"
Bishop Creek: Constitution Street,"[""latitude: '35.18958' vs '35.18957778'"", ""longitude: '-97.42893' vs '-97.42893333'""]",cleaned_site_data.csv,cleaned_chemical_data.csv,"{'site_name': 'Bishop Creek: Constitution Street', 'latitude': 35.18958, 'longitude': -97.42893, 'county': 'Cleveland', 'river_basin': 'Canadian R.', 'ecoregion': 'Central Great Plains', 'source_file': 'cleaned_site_data.csv', 'source_description': 'Master site data', 'latitude_source': 'cleaned_site_data.csv', 'longitude_source': 'cleaned_site_data.csv', 'county_source': 'cleaned_site_data.csv', 'river_basin_source': 'cleaned_site_data.csv', 'ecoregion_source': 'cleaned_site_data.csv'}","{'site_name': 'Bishop Creek: Constitution Street', 'latitude': 35.18957778, 'longitude': -97.42893333, 'county': 'Cleveland', 'river_basin': 'Canadian R.', 'ecoregion': None, 'source_file': 'cleaned_chemical_data.csv', 'source_description': 'Original chemical data'}"
Bishop Creek: Lindsey Street,"[""latitude: '35.20375' vs '35.203752'"", ""longitude: '-97.43582' vs '-97.435824'""]",cleaned_site_data.csv,cleaned_chemical_data.csv,"{'site_name': 'Bishop Creek: Lindsey Street', 'latitude': 35.20375, 'longitude': -97.43582, 'county': 'Cleveland', 'river_basin': 'Canadian R.', 'ecoregion': 'Central Great Plains', 'source_file': 'cleaned_site_data.csv', 'source_description': 'Master site data', 'latitude_source': 'cleaned_site_data.csv', 'longitude_source': 'cleaned_site_data.csv', 'county_source': 'cleaned_site_data.csv', 'river_basin_source': 'cleaned_site_data.csv', 'ecoregion_source': 'cleaned_site_data.csv'}","{'site_name': 'Bishop Creek: Lindsey Street', 'latitude': 35.203752, 'longitude': -97.435824, 'county': 'Cleveland', 'river_basin': 'Canadian R.', 'ecoregion': None, 'source_file': 'cleaned_chemical_data.csv', 'source_description': 'Original chemical data'}"
Bluff Creek: Battiest,"[""latitude: '34.44914' vs '34.4491388'"", ""longitude: '-94.94017' vs '-94.9401666'""]",cleaned_site_data.csv,cleaned_chemical_data.csv,"{'site_name': 'Bluff Creek: Battiest', 'latitude': 34.44914, 'longitude': -94.94017, 'county': 'McCurtain', 'river_basin': 'Little R.', 'ecoregion': 'Ouachita Mountains', 'source_file': 'cleaned_site_data.csv', 'source_description': 'Master site data', 'latitude_source': 'cleaned_site_data.csv', 'longitude_source': 'cleaned_site_data.csv', 'county_source': 'cleaned_site_data.csv', 'river_basin_source': 'cleaned_site_data.csv', 'ecoregion_source': 'cleaned_site_data.csv'}","{'site_name': 'Bluff Creek: Battiest', 'latitude': 34.4491388, 'longitude': -94.9401666, 'county': 'McCurtain', 'river_basin': 'Little R.', 'ecoregion': None, 'source_file': 'cleaned_chemical_data.csv', 'source_description': 'Original chemical data'}"
Bluff Creek: NW 150th,"[""latitude: '35.62381' vs '35.62380556'""]",cleaned_site_data.csv,cleaned_chemical_data.csv,"{'site_name': 'Bluff Creek: NW 150th', 'latitude': 35.62381, 'longitude': -97.6, 'county': 'Oklahoma', 'river_basin': 'Cimarron R.', 'ecoregion': 'Central Great Plains', 'source_file': 'cleaned_site_data.csv', 'source_description': 'Master site data', 'latitude_source': 'cleaned_site_data.csv', 'longitude_source': 'cleaned_site_data.csv', 'county_source': 'cleaned_site_data.csv', 'river_basin_source': 'cleaned_site_data.csv', 'ecoregion_source': 'cleaned_site_data.csv'}","{'site_name': 'Bluff Creek: NW 150th', 'latitude': 35.62380556, 'longitude': -97.6, 'county': 'Oklahoma', 'river_basin': 'Cimarron R.', 'ecoregion': None, 'source_file': 'cleaned_chemical_data.csv', 'source_description': 'Original chemical data'}"
Boomer Creek @ S. Perkins Rd,"[""latitude: '36.11224' vs '36.1122395'""]",cleaned_site_data.csv,cleaned_chemical_data.csv,"{'site_name': 'Boomer Creek @ S. Perkins Rd', 'latitude': 36.11224, 'longitude': -97.0515, 'county': 'Payne', 'river_basin': 'Cimarron R.', 'ecoregion': 'Cross Timbers', 'source_file': 'cleaned_site_data.csv', 'source_description': 'Master site data', 'latitude_source': 'cleaned_site_data.csv', 'longitude_source': 'cleaned_site_data.csv', 'county_source': 'cleaned_site_data.csv', 'river_basin_source': 'cleaned_site_data.csv', 'ecoregion_source': 'cleaned_site_data.csv'}","{'site_name': 'Boomer Creek @ S. Perkins Rd', 'latitude': 36.1122395, 'longitude': -97.0515, 'county': 'Payne', 'river_basin': 'Cimarron R.', 'ecoregion': None, 'source_file': 'cleaned_chemical_data.csv', 'source_description': 'Original chemical data'}"
Cat Creek: Muskogee Ave,"[""county: 'Rogers' vs '.'""]",cleaned_site_data.csv,cleaned_chemical_data.csv,"{'site_name': 'Cat Creek: Muskogee Ave', 'latitude': 36.302753, 'longitude': -95.615872, 'county': 'Rogers', 'river_basin': 'Arkansas R.', 'ecoregion': 'Central Irregular Plains', 'source_file': 'cleaned_site_data.csv', 'source_description': 'Master site data', 'latitude_source': 'cleaned_site_data.csv', 'longitude_source': 'cleaned_site_data.csv', 'county_source': 'cleaned_site_data.csv', 'river_basin_source': 'cleaned_site_data.csv', 'ecoregion_source': 'cleaned_site_data.csv'}","{'site_name': 'Cat Creek: Muskogee Ave', 'latitude': 36.302753, 'longitude': -95.615872, 'county': '.', 'river_basin': 'Arkansas R.', 'ecoregion': None, 'source_file': 'cleaned_chemical_data.csv', 'source_description': 'Original chemical data'}"
Cloudy Creek,"[""latitude: '34.30374' vs '34.303745'"", ""longitude: '-95.28748' vs '-95.2874818'""]",cleaned_site_data.csv,cleaned_chemical_data.csv,"{'site_name': 'Cloudy Creek', 'latitude': 34.30374, 'longitude': -95.28748, 'county': 'Pushmataha', 'river_basin': 'Little R.', 'ecoregion': 'Ouachita Mountains', 'source_file': 'cleaned_site_data.csv', 'source_description': 'Master site data', 'latitude_source': 'cleaned_site_data.csv', 'longitude_source': 'cleaned_site_data.csv', 'county_source': 'cleaned_site_data.csv', 'river_basin_source': 'cleaned_site_data.csv', 'ecoregion_source': 'cleaned_site_data.csv'}","{'site_name': 'Cloudy Creek', 'latitude': 34.303745, 'longitude': -95.2874818, 'county': 'Pushmataha', 'river_basin': 'Little R.', 'ecoregion': None, 'source_file': 'cleaned_chemical_data.csv', 'source_description': 'Original chemical data'}"
Coal Creek: Hwy 11,"[""latitude: '36.19556' vs '36.19555556'""]",cleaned_site_data.csv,cleaned_chemical_data.csv,"{'site_name': 'Coal Creek: Hwy 11', 'latitude': 36.19556, 'longitude': -95.915, 'county': 'Tulsa', 'river_basin': 'Arkansas R.', 'ecoregion': 'Central Irregular Plains', 'source_file': 'cleaned_site_data.csv', 'source_description': 'Master site data', 'latitude_source': 'cleaned_site_data.csv', 'longitude_source': 'cleaned_site_data.csv', 'county_source': 'cleaned_site_data.csv', 'river_basin_source': 'cleaned_site_data.csv', 'ecoregion_source': 'cleaned_site_data.csv'}","{'site_name': 'Coal Creek: Hwy 11', 'latitude': 36.19555556, 'longitude': -95.915, 'county': 'Tulsa', 'river_basin': 'Arkansas R.', 'ecoregion': None, 'source_file': 'cleaned_chemical_data.csv', 'source_description': 'Original chemical data'}"
Coal Creek: Morris Park,"[""latitude: '35.98608333' vs '35.98608'"", ""longitude: '-96.007' vs '-96.0069166'""]",cleaned_site_data.csv,cleaned_chemical_data.csv,"{'site_name': 'Coal Creek: Morris Park', 'latitude': 35.98608333, 'longitude': -96.007, 'county': 'Tulsa', 'river_basin': 'Arkansas R.', 'ecoregion': 'Cross Timbers', 'source_file': 'cleaned_site_data.csv', 'source_description': 'Master site data', 'latitude_source': 'cleaned_site_data.csv', 'longitude_source': 'cleaned_site_data.csv', 'county_source': 'cleaned_site_data.csv', 'river_basin_source': 'cleaned_site_data.csv', 'ecoregion_source': 'cleaned_site_data.csv'}","{'site_name': 'Coal Creek: Morris Park', 'latitude': 35.98608, 'longitude': -96.0069166, 'county': 'Tulsa', 'river_basin': 'Arkansas R.', 'ecoregion': None, 'source_file': 'cleaned_chemical_data.csv', 'source_description': 'Original chemical data'}"
Crow Creek: Zink Park,"[""latitude: '36.11806' vs '36.11805556'""]",cleaned_site_data.csv,cleaned_chemical_data.csv,"{'site_name': 'Crow Creek: Zink Park', 'latitude': 36.11806, 'longitude': -95.97, 'county': 'Tulsa', 'river_basin': 'Arkansas R.', 'ecoregion': 'Cross Timbers', 'source_file': 'cleaned_site_data.csv', 'source_description': 'Master site data', 'latitude_source': 'cleaned_site_data.csv', 'longitude_source': 'cleaned_site_data.csv', 'county_source': 'cleaned_site_data.csv', 'river_basin_source': 'cleaned_site_data.csv', 'ecoregion_source': 'cleaned_site_data.csv'}","{'site_name': 'Crow Creek: Zink Park', 'latitude': 36.11805556, 'longitude': -95.97, 'county': 'Tulsa', 'river_basin': 'Arkansas R.', 'ecoregion': None, 'source_file': 'cleaned_chemical_data.csv', 'source_description': 'Original chemical data'}"
East Cache Creek: Big Green,"[""latitude: '34.58692' vs '34.586917'"", ""longitude: '-98.37067' vs '-98.370667'""]",cleaned_site_data.csv,cleaned_chemical_data.csv,"{'site_name': 'East Cache Creek: Big Green', 'latitude': 34.58692, 'longitude': -98.37067, 'county': 'Comanche', 'river_basin': 'Upper Red R.', 'ecoregion': 'Central Great Plains', 'source_file': 'cleaned_site_data.csv', 'source_description': 'Master site data', 'latitude_source': 'cleaned_site_data.csv', 'longitude_source': 'cleaned_site_data.csv', 'county_source': 'cleaned_site_data.csv', 'river_basin_source': 'cleaned_site_data.csv', 'ecoregion_source': 'cleaned_site_data.csv'}","{'site_name': 'East Cache Creek: Big Green', 'latitude': 34.586917, 'longitude': -98.370667, 'county': 'Comanche', 'river_basin': 'Upper Red R.', 'ecoregion': None, 'source_file': 'cleaned_chemical_data.csv', 'source_description': 'Original chemical data'}"
Flat Rock Creek: Hwy 75,"[""latitude: '36.22514' vs '36.2251388'"", ""longitude: '-95.94467' vs '-95.9446666'""]",cleaned_site_data.csv,cleaned_chemical_data.csv,"{'site_name': 'Flat Rock Creek: Hwy 75', 'latitude': 36.22514, 'longitude': -95.94467, 'county': 'Tulsa', 'river_basin': 'Arkansas R.', 'ecoregion': 'Cross Timbers', 'source_file': 'cleaned_site_data.csv', 'source_description': 'Master site data', 'latitude_source': 'cleaned_site_data.csv', 'longitude_source': 'cleaned_site_data.csv', 'county_source': 'cleaned_site_data.csv', 'river_basin_source': 'cleaned_site_data.csv', 'ecoregion_source': 'cleaned_site_data.csv'}","{'site_name': 'Flat Rock Creek: Hwy 75', 'latitude': 36.2251388, 'longitude': -95.9446666, 'county': 'Tulsa', 'river_basin': 'Arkansas R.', 'ecoregion': None, 'source_file': 'cleaned_chemical_data.csv', 'source_description': 'Original chemical data'}"
Holi-Tuska: Grants Farm,"[""county: 'Le Flore' vs '.'""]",cleaned_site_data.csv,cleaned_chemical_data.csv,"{'site_name': 'Holi-Tuska: Grants Farm', 'latitude': 35.2190049, 'longitude': -94.63772899, 'county': 'Le Flore', 'river_basin': 'Arkansas R.', 'ecoregion': 'Arkansas Valley', 'source_file': 'cleaned_site_data.csv', 'source_description': 'Master site data', 'latitude_source': 'cleaned_site_data.csv', 'longitude_source': 'cleaned_site_data.csv', 'county_source': 'cleaned_site_data.csv', 'river_basin_source': 'cleaned_site_data.csv', 'ecoregion_source': 'cleaned_site_data.csv'}","{'site_name': 'Holi-Tuska: Grants Farm', 'latitude': 35.2190049, 'longitude': -94.63772899, 'county': '.', 'river_basin': 'Arkansas R.', 'ecoregion': None, 'source_file': 'cleaned_chemical_data.csv', 'source_description': 'Original chemical data'}"
Honey Creek: Berry Bluff,"[""longitude: '-97.71052778' vs '-94.71052778'""]",cleaned_site_data.csv,cleaned_chemical_data.csv,"{'site_name': 'Honey Creek: Berry Bluff', 'latitude': 36.54222222, 'longitude': -97.71052778, 'county': 'Delaware', 'river_basin': 'Arkansas R.', 'ecoregion': 'Central Great Plains', 'source_file': 'cleaned_site_data.csv', 'source_description': 'Master site data', 'latitude_source': 'cleaned_site_data.csv', 'longitude_source': 'cleaned_site_data.csv', 'county_source': 'cleaned_site_data.csv', 'river_basin_source': 'cleaned_site_data.csv', 'ecoregion_source': 'cleaned_site_data.csv'}","{'site_name': 'Honey Creek: Berry Bluff', 'latitude': 36.54222222, 'longitude': -94.71052778, 'county': 'Delaware', 'river_basin': 'Arkansas R.', 'ecoregion': None, 'source_file': 'cleaned_chemical_data.csv', 'source_description': 'Original chemical data'}"
Little Sandy Creek: Chamber Loop,"[""latitude: '34.78297' vs '34.7829722'"", ""longitude: '-96.67247' vs '-96.6724722'""]",cleaned_site_data.csv,cleaned_chemical_data.csv,"{'site_name': 'Little Sandy Creek: Chamber Loop', 'latitude': 34.78297, 'longitude': -96.67247, 'county': 'Pontotoc', 'river_basin': 'Canadian R.', 'ecoregion': 'Arkansas Valley', 'source_file': 'cleaned_site_data.csv', 'source_description': 'Master site data', 'latitude_source': 'cleaned_site_data.csv', 'longitude_source': 'cleaned_site_data.csv', 'county_source': 'cleaned_site_data.csv', 'river_basin_source': 'cleaned_site_data.csv', 'ecoregion_source': 'cleaned_site_data.csv'}","{'site_name': 'Little Sandy Creek: Chamber Loop', 'latitude': 34.7829722, 'longitude': -96.6724722, 'county': 'Pontotoc', 'river_basin': 'Canadian R.', 'ecoregion': None, 'source_file': 'cleaned_chemical_data.csv', 'source_description': 'Original chemical data'}"
Mill Creek: Prater,"[""latitude: '34.621944' vs '34.6208'"", ""longitude: '-96.593889' vs '-96.59322'""]",cleaned_site_data.csv,cleaned_chemical_data.csv,"{'site_name': 'Mill Creek: Prater', 'latitude': 34.621944, 'longitude': -96.593889, 'county': 'Pontotoc', 'river_basin': 'Lower Red R.', 'ecoregion': 'Arkansas Valley', 'source_file': 'cleaned_site_data.csv', 'source_description': 'Master site data', 'latitude_source': 'cleaned_site_data.csv', 'longitude_source': 'cleaned_site_data.csv', 'county_source': 'cleaned_site_data.csv', 'river_basin_source': 'cleaned_site_data.csv', 'ecoregion_source': 'cleaned_site_data.csv'}","{'site_name': 'Mill Creek: Prater', 'latitude': 34.6208, 'longitude': -96.59322, 'county': 'Pontotoc', 'river_basin': 'Lower Red R.', 'ecoregion': None, 'source_file': 'cleaned_chemical_data.csv', 'source_description': 'Original chemical data'}"
"North Canadian River: Lake Road, Shawnee","[""longitude: '-96.95986' vs '-96.95986111'""]",cleaned_site_data.csv,cleaned_chemical_data.csv,"{'site_name': 'North Canadian River: Lake Road, Shawnee', 'latitude': 35.333, 'longitude': -96.95986, 'county': 'Pottawatomie', 'river_basin': 'Canadian R.', 'ecoregion': 'Cross Timbers', 'source_file': 'cleaned_site_data.csv', 'source_description': 'Master site data', 'latitude_source': 'cleaned_site_data.csv', 'longitude_source': 'cleaned_site_data.csv', 'county_source': 'cleaned_site_data.csv', 'river_basin_source': 'cleaned_site_data.csv', 'ecoregion_source': 'cleaned_site_data.csv'}","{'site_name': 'North Canadian River: Lake Road, Shawnee', 'latitude': 35.333, 'longitude': -96.95986111, 'county': 'Pottawatomie', 'river_basin': 'Canadian R.', 'ecoregion': None, 'source_file': 'cleaned_chemical_data.csv', 'source_description': 'Original chemical data'}"
Park Hill Branch Creek: Murrell Home,"[""latitude: '35.85468' vs '35.85468333'""]",cleaned_site_data.csv,cleaned_chemical_data.csv,"{'site_name': 'Park Hill Branch Creek: Murrell Home', 'latitude': 35.85468, 'longitude': -94.957, 'county': 'Cherokee', 'river_basin': 'Illinois R.', 'ecoregion': 'Ouachita Mountains', 'source_file': 'cleaned_site_data.csv', 'source_description': 'Master site data', 'latitude_source': 'cleaned_site_data.csv', 'longitude_source': 'cleaned_site_data.csv', 'county_source': 'cleaned_site_data.csv', 'river_basin_source': 'cleaned_site_data.csv', 'ecoregion_source': 'cleaned_site_data.csv'}","{'site_name': 'Park Hill Branch Creek: Murrell Home', 'latitude': 35.85468333, 'longitude': -94.957, 'county': 'Cherokee', 'river_basin': 'Illinois R.', 'ecoregion': None, 'source_file': 'cleaned_chemical_data.csv', 'source_description': 'Original chemical data'}"
Sanborn Hazen Lake Creek: Stickland Park,"[""latitude: '36.12533' vs '36.12532927'"", ""longitude: '-97.05841' vs '-97.05840955'""]",cleaned_site_data.csv,cleaned_chemical_data.csv,"{'site_name': 'Sanborn Hazen Lake Creek: Stickland Park', 'latitude': 36.12533, 'longitude': -97.05841, 'county': 'Payne', 'river_basin': 'Cimarron R.', 'ecoregion': 'Cross Timbers', 'source_file': 'cleaned_site_data.csv', 'source_description': 'Master site data', 'latitude_source': 'cleaned_site_data.csv', 'longitude_source': 'cleaned_site_data.csv', 'county_source': 'cleaned_site_data.csv', 'river_basin_source': 'cleaned_site_data.csv', 'ecoregion_source': 'cleaned_site_data.csv'}","{'site_name': 'Sanborn Hazen Lake Creek: Stickland Park', 'latitude': 36.12532927, 'longitude': -97.05840955, 'county': 'Payne', 'river_basin': 'Cimarron R.', 'ecoregion': None, 'source_file': 'cleaned_chemical_data.csv', 'source_description': 'Original chemical data'}"
Sans Bois Creek,"[""latitude: '35.10064' vs '35.100638'""]",cleaned_site_data.csv,cleaned_chemical_data.csv,"{'site_name': 'Sans Bois Creek', 'latitude': 35.10064, 'longitude': -95.2796, 'county': 'Haskell', 'river_basin': 'Arkansas R.', 'ecoregion': 'Arkansas Valley', 'source_file': 'cleaned_site_data.csv', 'source_description': 'Master site data', 'latitude_source': 'cleaned_site_data.csv', 'longitude_source': 'cleaned_site_data.csv', 'county_source': 'cleaned_site_data.csv', 'river_basin_source': 'cleaned_site_data.csv', 'ecoregion_source': 'cleaned_site_data.csv'}","{'site_name': 'Sans Bois Creek', 'latitude': 35.100638, 'longitude': -95.2796, 'county': 'Haskell', 'river_basin': 'Arkansas R.', 'ecoregion': None, 'source_file': 'cleaned_chemical_data.csv', 'source_description': 'Original chemical data'}"
Sharp Creek: Smith Grove,"[""latitude: '36.81093' vs '36.810928'"", ""longitude: '-100.8199' vs '-100.819867'""]",cleaned_site_data.csv,cleaned_chemical_data.csv,"{'site_name': 'Sharp Creek: Smith Grove', 'latitude': 36.81093, 'longitude': -100.8199, 'county': 'Beaver', 'river_basin': 'Canadian R.', 'ecoregion': 'Southwestern Tablelands', 'source_file': 'cleaned_site_data.csv', 'source_description': 'Master site data', 'latitude_source': 'cleaned_site_data.csv', 'longitude_source': 'cleaned_site_data.csv', 'county_source': 'cleaned_site_data.csv', 'river_basin_source': 'cleaned_site_data.csv', 'ecoregion_source': 'cleaned_site_data.csv'}","{'site_name': 'Sharp Creek: Smith Grove', 'latitude': 36.810928, 'longitude': -100.819867, 'county': 'Beaver', 'river_basin': 'Canadian R.', 'ecoregion': None, 'source_file': 'cleaned_chemical_data.csv', 'source_description': 'Original chemical data'}"
Spring Creek: I-35,"[""latitude: '35.64744' vs '35.64744444'""]",cleaned_site_data.csv,cleaned_chemical_data.csv,"{'site_name': 'Spring Creek: I-35', 'latitude': 35.64744, 'longitude': -97.424, 'county': 'Oklahoma', 'river_basin': 'Canadian R.', 'ecoregion': 'Cross Timbers', 'source_file': 'cleaned_site_data.csv', 'source_description': 'Master site data', 'latitude_source': 'cleaned_site_data.csv', 'longitude_source': 'cleaned_site_data.csv', 'county_source': 'cleaned_site_data.csv', 'river_basin_source': 'cleaned_site_data.csv', 'ecoregion_source': 'cleaned_site_data.csv'}","{'site_name': 'Spring Creek: I-35', 'latitude': 35.64744444, 'longitude': -97.424, 'county': 'Oklahoma', 'river_basin': 'Canadian R.', 'ecoregion': None, 'source_file': 'cleaned_chemical_data.csv', 'source_description': 'Original chemical data'}"
Stillwater Creek: Western,"[""longitude: '-97.08761' vs '-97.0876111'""]",cleaned_site_data.csv,cleaned_chemical_data.csv,"{'site_name': 'Stillwater Creek: Western', 'latitude': 36.10425, 'longitude': -97.08761, 'county': 'Payne', 'river_basin': 'Cimarron R.', 'ecoregion': 'Central Great Plains', 'source_file': 'cleaned_site_data.csv', 'source_description': 'Master site data', 'latitude_source': 'cleaned_site_data.csv', 'longitude_source': 'cleaned_site_data.csv', 'county_source': 'cleaned_site_data.csv', 'river_basin_source': 'cleaned_site_data.csv', 'ecoregion_source': 'cleaned_site_data.csv'}","{'site_name': 'Stillwater Creek: Western', 'latitude': 36.10425, 'longitude': -97.0876111, 'county': 'Payne', 'river_basin': 'Cimarron R.', 'ecoregion': None, 'source_file': 'cleaned_chemical_data.csv', 'source_description': 'Original chemical data'}"
Tiger Creek: Woods,"[""latitude: '35.98603' vs '35.986034'""]",cleaned_site_data.csv,cleaned_chemical_data.csv,"{'site_name': 'Tiger Creek: Woods', 'latitude': 35.98603, 'longitude': -96.5992, 'county': 'Creek', 'river_basin': 'Cimarron R.', 'ecoregion': 'Cross Timbers', 'source_file': 'cleaned_site_data.csv', 'source_description': 'Master site data', 'latitude_source': 'cleaned_site_data.csv', 'longitude_source': 'cleaned_site_data.csv', 'county_source': 'cleaned_site_data.csv', 'river_basin_source': 'cleaned_site_data.csv', 'ecoregion_source': 'cleaned_site_data.csv'}","{'site_name': 'Tiger Creek: Woods', 'latitude': 35.986034, 'longitude': -96.5992, 'county': 'Creek', 'river_basin': 'Cimarron R.', 'ecoregion': None, 'source_file': 'cleaned_chemical_data.csv', 'source_description': 'Original chemical data'}"
Twin Hills Creek: 121st,"[""county: 'Tulsa' vs '.'""]",cleaned_site_data.csv,cleaned_chemical_data.csv,"{'site_name': 'Twin Hills Creek: 121st', 'latitude': 35.988365, 'longitude': -95.895308, 'county': 'Tulsa', 'river_basin': 'Arkansas R.', 'ecoregion': 'Central Irregular Plains', 'source_file': 'cleaned_site_data.csv', 'source_description': 'Master site data', 'latitude_source': 'cleaned_site_data.csv', 'longitude_source': 'cleaned_site_data.csv', 'county_source': 'cleaned_site_data.csv', 'river_basin_source': 'cleaned_site_data.csv', 'ecoregion_source': 'cleaned_site_data.csv'}","{'site_name': 'Twin Hills Creek: 121st', 'latitude': 35.988365, 'longitude': -95.895308, 'county': '.', 'river_basin': 'Arkansas R.', 'ecoregion': None, 'source_file': 'cleaned_chemical_data.csv', 'source_description': 'Original chemical data'}"
Unnamed Trib to Harlow Creek: Golden Acres,"[""latitude: '36.18867' vs '36.1886666'"", ""longitude: '-96.04142' vs '-96.0414166'""]",cleaned_site_data.csv,cleaned_chemical_data.csv,"{'site_name': 'Unnamed Trib to Harlow Creek: Golden Acres', 'latitude': 36.18867, 'longitude': -96.04142, 'county': 'Osage', 'river_basin': 'Arkansas R.', 'ecoregion': 'Cross Timbers', 'source_file': 'cleaned_site_data.csv', 'source_description': 'Master site data', 'latitude_source': 'cleaned_site_data.csv', 'longitude_source': 'cleaned_site_data.csv', 'county_source': 'cleaned_site_data.csv', 'river_basin_source': 'cleaned_site_data.csv', 'ecoregion_source': 'cleaned_site_data.csv'}","{'site_name': 'Unnamed Trib to Harlow Creek: Golden Acres', 'latitude': 36.1886666, 'longitude': -96.0414166, 'county': 'Osage', 'river_basin': 'Arkansas R.', 'ecoregion': None, 'source_file': 'cleaned_chemical_data.csv', 'source_description': 'Original chemical data'}"
Whitewater Creek: E 330 Road,"[""longitude: '-94.75964' vs '-94.7596389'""]",cleaned_site_data.csv,cleaned_chemical_data.csv,"{'site_name': 'Whitewater Creek: E 330 Road', 'latitude': 36.539, 'longitude': -94.75964, 'county': 'Delaware', 'river_basin': 'Arkansas R.', 'ecoregion': 'Ouachita Mountains', 'source_file': 'cleaned_site_data.csv', 'source_description': 'Master site data', 'latitude_source': 'cleaned_site_data.csv', 'longitude_source': 'cleaned_site_data.csv', 'county_source': 'cleaned_site_data.csv', 'river_basin_source': 'cleaned_site_data.csv', 'ecoregion_source': 'cleaned_site_data.csv'}","{'site_name': 'Whitewater Creek: E 330 Road', 'latitude': 36.539, 'longitude': -94.7596389, 'county': 'Delaware', 'river_basin': 'Arkansas R.', 'ecoregion': None, 'source_file': 'cleaned_chemical_data.csv', 'source_description': 'Original chemical data'}"
Wolf Creek: McMahon Soccer Park,"[""longitude: '-98.43493' vs '-98.43493333'""]",cleaned_site_data.csv,cleaned_chemical_data.csv,"{'site_name': 'Wolf Creek: McMahon Soccer Park', 'latitude': 34.59065, 'longitude': -98.43493, 'county': 'Comanche', 'river_basin': 'Upper Red R.', 'ecoregion': 'Central Great Plains', 'source_file': 'cleaned_site_data.csv', 'source_description': 'Master site data', 'latitude_source': 'cleaned_site_data.csv', 'longitude_source': 'cleaned_site_data.csv', 'county_source': 'cleaned_site_data.csv', 'river_basin_source': 'cleaned_site_data.csv', 'ecoregion_source': 'cleaned_site_data.csv'}","{'site_name': 'Wolf Creek: McMahon Soccer Park', 'latitude': 34.59065, 'longitude': -98.43493333, 'county': 'Comanche', 'river_basin': 'Upper Red R.', 'ecoregion': None, 'source_file': 'cleaned_chemical_data.csv', 'source_description': 'Original chemical data'}"
Bishop Creek: Constitution Street,"[""latitude: '35.18958' vs '35.18957778'"", ""longitude: '-97.42893' vs '-97.42893333'""]",cleaned_site_data.csv,cleaned_fish_data.csv,"{'site_name': 'Bishop Creek: Constitution Street', 'latitude': 35.18958, 'longitude': -97.42893, 'county': 'Cleveland', 'river_basin': 'Canadian R.', 'ecoregion': 'Central Great Plains', 'source_file': 'cleaned_site_data.csv', 'source_description': 'Master site data', 'latitude_source': 'cleaned_site_data.csv', 'longitude_source': 'cleaned_site_data.csv', 'county_source': 'cleaned_site_data.csv', 'river_basin_source': 'cleaned_site_data.csv', 'ecoregion_source': 'cleaned_site_data.csv'}","{'site_name': 'Bishop Creek: Constitution Street', 'latitude': 35.18957778, 'longitude': -97.42893333, 'county': None, 'river_basin': 'Canadian R.', 'ecoregion': 'Central Great Plains', 'source_file': 'cleaned_fish_data.csv', 'source_description': 'Fish community data'}"
Bluff Creek: Battiest,"[""latitude: '34.44914' vs '34.4491388'"", ""longitude: '-94.94017' vs '-94.9401666'""]",cleaned_site_data.csv,cleaned_fish_data.csv,"{'site_name': 'Bluff Creek: Battiest', 'latitude': 34.44914, 'longitude': -94.94017, 'county': 'McCurtain', 'river_basin': 'Little R.', 'ecoregion': 'Ouachita Mountains', 'source_file': 'cleaned_site_data.csv', 'source_description': 'Master site data', 'latitude_source': 'cleaned_site_data.csv', 'longitude_source': 'cleaned_site_data.csv', 'county_source': 'cleaned_site_data.csv', 'river_basin_source': 'cleaned_site_data.csv', 'ecoregion_source': 'cleaned_site_data.csv'}","{'site_name': 'Bluff Creek: Battiest', 'latitude': 34.4491388, 'longitude': -94.9401666, 'county': None, 'river_basin': 'Little R.', 'ecoregion': 'Ouachita Mountains', 'source_file': 'cleaned_fish_data.csv', 'source_description': 'Fish community data'}"
Bluff Creek: NW 150th,"[""latitude: '35.62381' vs '35.62380556'""]",cleaned_site_data.csv,cleaned_fish_data.csv,"{'site_name': 'Bluff Creek: NW 150th', 'latitude': 35.62381, 'longitude': -97.6, 'county': 'Oklahoma', 'river_basin': 'Cimarron R.', 'ecoregion': 'Central Great Plains', 'source_file': 'cleaned_site_data.csv', 'source_description': 'Master site data', 'latitude_source': 'cleaned_site_data.csv', 'longitude_source': 'cleaned_site_data.csv', 'county_source': 'cleaned_site_data.csv', 'river_basin_source': 'cleaned_site_data.csv', 'ecoregion_source': 'cleaned_site_data.csv'}","{'site_name': 'Bluff Creek: NW 150th', 'latitude': 35.62380556, 'longitude': -97.6, 'county': None, 'river_basin': 'Cimarron R.', 'ecoregion': 'Central Great Plains', 'source_file': 'cleaned_fish_data.csv', 'source_description': 'Fish community data'}"
Coal Creek: Hwy 11,"[""latitude: '36.19556' vs '36.19555556'""]",cleaned_site_data.csv,cleaned_fish_data.csv,"{'site_name': 'Coal Creek: Hwy 11', 'latitude': 36.19556, 'longitude': -95.915, 'county': 'Tulsa', 'river_basin': 'Arkansas R.', 'ecoregion': 'Central Irregular Plains', 'source_file': 'cleaned_site_data.csv', 'source_description': 'Master site data', 'latitude_source': 'cleaned_site_data.csv', 'longitude_source': 'cleaned_site_data.csv', 'county_source': 'cleaned_site_data.csv', 'river_basin_source': 'cleaned_site_data.csv', 'ecoregion_source': 'cleaned_site_data.csv'}","{'site_name': 'Coal Creek: Hwy 11', 'latitude': 36.19555556, 'longitude': -95.915, 'county': None, 'river_basin': 'Arkansas R.', 'ecoregion': 'Central Irregular Plains', 'source_file': 'cleaned_fish_data.csv', 'source_description': 'Fish community data'}"
Crow Creek: Zink Park,"[""latitude: '36.11806' vs '36.11805556'""]",cleaned_site_data.csv,cleaned_fish_data.csv,"{'site_name': 'Crow Creek: Zink Park', 'latitude': 36.11806, 'longitude': -95.97, 'county': 'Tulsa', 'river_basin': 'Arkansas R.', 'ecoregion': 'Cross Timbers', 'source_file': 'cleaned_site_data.csv', 'source_description': 'Master site data', 'latitude_source': 'cleaned_site_data.csv', 'longitude_source': 'cleaned_site_data.csv', 'county_source': 'cleaned_site_data.csv', 'river_basin_source': 'cleaned_site_data.csv', 'ecoregion_source': 'cleaned_site_data.csv'}","{'site_name': 'Crow Creek: Zink Park', 'latitude': 36.11805556, 'longitude': -95.97, 'county': None, 'river_basin': 'Arkansas R.', 'ecoregion': 'Cross Timbers', 'source_file': 'cleaned_fish_data.csv', 'source_description': 'Fish community data'}"
Delaware Creek: Camp Simpson Witch Hole,"[""ecoregion: 'Arbuckle' vs 'Arbuckle Uplift'""]",cleaned_site_data.csv,cleaned_fish_data.csv,"{'site_name': 'Delaware Creek: Camp Simpson Witch Hole', 'latitude': 34.40928, 'longitude': -96.540661, 'county': 'Johnston', 'river_basin': 'Lower Red R.', 'ecoregion': 'Arbuckle', 'source_file': 'cleaned_site_data.csv', 'source_description': 'Master site data', 'latitude_source': 'cleaned_site_data.csv', 'longitude_source': 'cleaned_site_data.csv', 'county_source': 'cleaned_site_data.csv', 'river_basin_source': 'cleaned_site_data.csv', 'ecoregion_source': 'cleaned_site_data.csv'}","{'site_name': 'Delaware Creek: Camp Simpson Witch Hole', 'latitude': 34.40928, 'longitude': -96.540661, 'county': None, 'river_basin': 'Lower Red R.', 'ecoregion': 'Arbuckle Uplift', 'source_file': 'cleaned_fish_data.csv', 'source_description': 'Fish community data'}"
East Cache Creek: Big Green,"[""latitude: '34.58692' vs '34.586917'"", ""longitude: '-98.37067' vs '-98.370667'""]",cleaned_site_data.csv,cleaned_fish_data.csv,"{'site_name': 'East Cache Creek: Big Green', 'latitude': 34.58692, 'longitude': -98.37067, 'county': 'Comanche', 'river_basin': 'Upper Red R.', 'ecoregion': 'Central Great Plains', 'source_file': 'cleaned_site_data.csv', 'source_description': 'Master site data', 'latitude_source': 'cleaned_site_data.csv', 'longitude_source': 'cleaned_site_data.csv', 'county_source': 'cleaned_site_data.csv', 'river_basin_source': 'cleaned_site_data.csv', 'ecoregion_source': 'cleaned_site_data.csv'}","{'site_name': 'East Cache Creek: Big Green', 'latitude': 34.586917, 'longitude': -98.370667, 'county': None, 'river_basin': 'Upper Red R.', 'ecoregion': 'Central Great Plains', 'source_file': 'cleaned_fish_data.csv', 'source_description': 'Fish community data'}"
Flat Rock Creek: Hwy 75,"[""latitude: '36.22514' vs '36.2251388'"", ""longitude: '-95.94467' vs '-95.9446666'""]",cleaned_site_data.csv,cleaned_fish_data.csv,"{'site_name': 'Flat Rock Creek: Hwy 75', 'latitude': 36.22514, 'longitude': -95.94467, 'county': 'Tulsa', 'river_basin': 'Arkansas R.', 'ecoregion': 'Cross Timbers', 'source_file': 'cleaned_site_data.csv', 'source_description': 'Master site data', 'latitude_source': 'cleaned_site_data.csv', 'longitude_source': 'cleaned_site_data.csv', 'county_source': 'cleaned_site_data.csv', 'river_basin_source': 'cleaned_site_data.csv', 'ecoregion_source': 'cleaned_site_data.csv'}","{'site_name': 'Flat Rock Creek: Hwy 75', 'latitude': 36.2251388, 'longitude': -95.9446666, 'county': None, 'river_basin': 'Arkansas R.', 'ecoregion': 'Cross Timbers', 'source_file': 'cleaned_fish_data.csv', 'source_description': 'Fish community data'}"
Guy Sandy Creek,"[""latitude: '34.519045' vs '34.51904'"", ""longitude: '-97.025526' vs '-97.02553'""]",cleaned_site_data.csv,cleaned_fish_data.csv,"{'site_name': 'Guy Sandy Creek', 'latitude': 34.519045, 'longitude': -97.025526, 'county': 'Murray', 'river_basin': 'Washita R.', 'ecoregion': 'Cross Timbers', 'source_file': 'cleaned_site_data.csv', 'source_description': 'Master site data', 'latitude_source': 'cleaned_site_data.csv', 'longitude_source': 'cleaned_site_data.csv', 'county_source': 'cleaned_site_data.csv', 'river_basin_source': 'cleaned_site_data.csv', 'ecoregion_source': 'cleaned_site_data.csv'}","{'site_name': 'Guy Sandy Creek', 'latitude': 34.51904, 'longitude': -97.02553, 'county': None, 'river_basin': 'Washita R.', 'ecoregion': 'Cross Timbers', 'source_file': 'cleaned_fish_data.csv', 'source_description': 'Fish community data'}"
Little Sandy Creek: Chamber Loop,"[""latitude: '34.78297' vs '34.7829722'"", ""longitude: '-96.67247' vs '-96.6724722'""]",cleaned_site_data.csv,cleaned_fish_data.csv,"{'site_name': 'Little Sandy Creek: Chamber Loop', 'latitude': 34.78297, 'longitude': -96.67247, 'county': 'Pontotoc', 'river_basin': 'Canadian R.', 'ecoregion': 'Arkansas Valley', 'source_file': 'cleaned_site_data.csv', 'source_description': 'Master site data', 'latitude_source': 'cleaned_site_data.csv', 'longitude_source': 'cleaned_site_data.csv', 'county_source': 'cleaned_site_data.csv', 'river_basin_source': 'cleaned_site_data.csv', 'ecoregion_source': 'cleaned_site_data.csv'}","{'site_name': 'Little Sandy Creek: Chamber Loop', 'latitude': 34.7829722, 'longitude': -96.6724722, 'county': None, 'river_basin': 'Canadian R.', 'ecoregion': 'Arkansas Valley', 'source_file': 'cleaned_fish_data.csv', 'source_description': 'Fish community data'}"
Park Hill Branch Creek: Murrell Home,"[""latitude: '35.85468' vs '35.85468333'""]",cleaned_site_data.csv,cleaned_fish_data.csv,"{'site_name': 'Park Hill Branch Creek: Murrell Home', 'latitude': 35.85468, 'longitude': -94.957, 'county': 'Cherokee', 'river_basin': 'Illinois R.', 'ecoregion': 'Ouachita Mountains', 'source_file': 'cleaned_site_data.csv', 'source_description': 'Master site data', 'latitude_source': 'cleaned_site_data.csv', 'longitude_source': 'cleaned_site_data.csv', 'county_source': 'cleaned_site_data.csv', 'river_basin_source': 'cleaned_site_data.csv', 'ecoregion_source': 'cleaned_site_data.csv'}","{'site_name': 'Park Hill Branch Creek: Murrell Home', 'latitude': 35.85468333, 'longitude': -94.957, 'county': None, 'river_basin': 'Illinois R.', 'ecoregion': 'Ouachita Mountains', 'source_file': 'cleaned_fish_data.csv', 'source_description': 'Fish community data'}"
Sharp Creek: Smith Grove,"[""latitude: '36.81093' vs '36.810928'"", ""longitude: '-100.8199' vs '-100.819867'""]",cleaned_site_data.csv,cleaned_fish_data.csv,"{'site_name': 'Sharp Creek: Smith Grove', 'latitude': 36.81093, 'longitude': -100.8199, 'county': 'Beaver', 'river_basin': 'Canadian R.', 'ecoregion': 'Southwestern Tablelands', 'source_file': 'cleaned_site_data.csv', 'source_description': 'Master site data', 'latitude_source': 'cleaned_site_data.csv', 'longitude_source': 'cleaned_site_data.csv', 'county_source': 'cleaned_site_data.csv', 'river_basin_source': 'cleaned_site_data.csv', 'ecoregion_source': 'cleaned_site_data.csv'}","{'site_name': 'Sharp Creek: Smith Grove', 'latitude': 36.810928, 'longitude': -100.819867, 'county': None, 'river_basin': 'Canadian R.', 'ecoregion': 'Southwestern Tablelands', 'source_file': 'cleaned_fish_data.csv', 'source_description': 'Fish community data'}"
Spring Creek: I-35,"[""latitude: '35.64744' vs '35.64744444'""]",cleaned_site_data.csv,cleaned_fish_data.csv,"{'site_name': 'Spring Creek: I-35', 'latitude': 35.64744, 'longitude': -97.424, 'county': 'Oklahoma', 'river_basin': 'Canadian R.', 'ecoregion': 'Cross Timbers', 'source_file': 'cleaned_site_data.csv', 'source_description': 'Master site data', 'latitude_source': 'cleaned_site_data.csv', 'longitude_source': 'cleaned_site_data.csv', 'county_source': 'cleaned_site_data.csv', 'river_basin_source': 'cleaned_site_data.csv', 'ecoregion_source': 'cleaned_site_data.csv'}","{'site_name': 'Spring Creek: I-35', 'latitude': 35.64744444, 'longitude': -97.424, 'county': None, 'river_basin': 'Canadian R.', 'ecoregion': 'Cross Timbers', 'source_file': 'cleaned_fish_data.csv', 'source_description': 'Fish community data'}"
"Spring Creek: Timberlake, Downstream","[""latitude: '36.123046' vs '36.12416667'"", ""longitude: '-95.109005' vs '-95.10611111'""]",cleaned_site_data.csv,cleaned_fish_data.csv,"{'site_name': 'Spring Creek: Timberlake, Downstream', 'latitude': 36.123046, 'longitude': -95.109005, 'county': 'Cherokee', 'river_basin': 'Arkansas R.', 'ecoregion': 'Ozark Highlands', 'source_file': 'cleaned_site_data.csv', 'source_description': 'Master site data', 'latitude_source': 'cleaned_site_data.csv', 'longitude_source': 'cleaned_site_data.csv', 'county_source': 'cleaned_site_data.csv', 'river_basin_source': 'cleaned_site_data.csv', 'ecoregion_source': 'cleaned_site_data.csv'}","{'site_name': 'Spring Creek: Timberlake, Downstream', 'latitude': 36.12416667, 'longitude': -95.10611111, 'county': None, 'river_basin': 'Arkansas R.', 'ecoregion': 'Ozark Highlands', 'source_file': 'cleaned_fish_data.csv', 'source_description': 'Fish community data'}"
Summerfield Creek: S. 4510 Road,"[""longitude: '-94.975383' vs '-94.97538'""]",cleaned_site_data.csv,cleaned_fish_data.csv,"{'site_name': 'Summerfield Creek: S. 4510 Road', 'latitude': 36.46065, 'longitude': -94.975383, 'county': 'Delaware', 'river_basin': 'Arkansas R.', 'ecoregion': 'Ozark Highlands', 'source_file': 'cleaned_site_data.csv', 'source_description': 'Master site data', 'latitude_source': 'cleaned_site_data.csv', 'longitude_source': 'cleaned_site_data.csv', 'county_source': 'cleaned_site_data.csv', 'river_basin_source': 'cleaned_site_data.csv', 'ecoregion_source': 'cleaned_site_data.csv'}","{'site_name': 'Summerfield Creek: S. 4510 Road', 'latitude': 36.46065, 'longitude': -94.97538, 'county': None, 'river_basin': 'Arkansas R.', 'ecoregion': 'Ozark Highlands', 'source_file': 'cleaned_fish_data.csv', 'source_description': 'Fish community data'}"
Tenmile Creek: Davis,"[""latitude: '34.298889' vs '34.29889'"", ""longitude: '-95.737222' vs '-95.73722'""]",cleaned_site_data.csv,cleaned_fish_data.csv,"{'site_name': 'Tenmile Creek: Davis', 'latitude': 34.298889, 'longitude': -95.737222, 'county': 'Pushmataha', 'river_basin': 'Little R.', 'ecoregion': 'Ouachita Mountains', 'source_file': 'cleaned_site_data.csv', 'source_description': 'Master site data', 'latitude_source': 'cleaned_site_data.csv', 'longitude_source': 'cleaned_site_data.csv', 'county_source': 'cleaned_site_data.csv', 'river_basin_source': 'cleaned_site_data.csv', 'ecoregion_source': 'cleaned_site_data.csv'}","{'site_name': 'Tenmile Creek: Davis', 'latitude': 34.29889, 'longitude': -95.73722, 'county': None, 'river_basin': 'Little R.', 'ecoregion': 'Ouachita Mountains', 'source_file': 'cleaned_fish_data.csv', 'source_description': 'Fish community data'}"
Unnamed Trib to Harlow Creek: Golden Acres,"[""latitude: '36.18867' vs '36.1886666'"", ""longitude: '-96.04142' vs '-96.0414166'""]",cleaned_site_data.csv,cleaned_fish_data.csv,"{'site_name': 'Unnamed Trib to Harlow Creek: Golden Acres', 'latitude': 36.18867, 'longitude': -96.04142, 'county': 'Osage', 'river_basin': 'Arkansas R.', 'ecoregion': 'Cross Timbers', 'source_file': 'cleaned_site_data.csv', 'source_description': 'Master site data', 'latitude_source': 'cleaned_site_data.csv', 'longitude_source': 'cleaned_site_data.csv', 'county_source': 'cleaned_site_data.csv', 'river_basin_source': 'cleaned_site_data.csv', 'ecoregion_source': 'cleaned_site_data.csv'}","{'site_name': 'Unnamed Trib to Harlow Creek: Golden Acres', 'latitude': 36.1886666, 'longitude': -96.0414166, 'county': None, 'river_basin': 'Arkansas R.', 'ecoregion': 'Cross Timbers', 'source_file': 'cleaned_fish_data.csv', 'source_description': 'Fish community data'}"
Whitewater Creek: E 330 Road,"[""longitude: '-94.75964' vs '-94.7596389'""]",cleaned_site_data.csv,cleaned_fish_data.csv,"{'site_name': 'Whitewater Creek: E 330 Road', 'latitude': 36.539, 'longitude': -94.75964, 'county': 'Delaware', 'river_basin': 'Arkansas R.', 'ecoregion': 'Ouachita Mountains', 'source_file': 'cleaned_site_data.csv', 'source_description': 'Master site data', 'latitude_source': 'cleaned_site_data.csv', 'longitude_source': 'cleaned_site_data.csv', 'county_source': 'cleaned_site_data.csv', 'river_basin_source': 'cleaned_site_data.csv', 'ecoregion_source': 'cleaned_site_data.csv'}","{'site_name': 'Whitewater Creek: E 330 Road', 'latitude': 36.539, 'longitude': -94.7596389, 'county': None, 'river_basin': 'Arkansas R.', 'ecoregion': 'Ouachita Mountains', 'source_file': 'cleaned_fish_data.csv', 'source_description': 'Fish community data'}"
Wolf Creek: McMahon Soccer Park,"[""longitude: '-98.43493' vs '-98.43493333'""]",cleaned_site_data.csv,cleaned_fish_data.csv,"{'site_name': 'Wolf Creek: McMahon Soccer Park', 'latitude': 34.59065, 'longitude': -98.43493, 'county': 'Comanche', 'river_basin': 'Upper Red R.', 'ecoregion': 'Central Great Plains', 'source_file': 'cleaned_site_data.csv', 'source_description': 'Master site data', 'latitude_source': 'cleaned_site_data.csv', 'longitude_source': 'cleaned_site_data.csv', 'county_source': 'cleaned_site_data.csv', 'river_basin_source': 'cleaned_site_data.csv', 'ecoregion_source': 'cleaned_site_data.csv'}","{'site_name': 'Wolf Creek: McMahon Soccer Park', 'latitude': 34.59065, 'longitude': -98.43493333, 'county': None, 'river_basin': 'Upper Red R.', 'ecoregion': 'Central Great Plains', 'source_file': 'cleaned_fish_data.csv', 'source_description': 'Fish community data'}"
Baron Fork River: Welling Road,"[""ecoregion: 'Ouachita Mountains' vs 'Ozark Highlands'""]",cleaned_site_data.csv,cleaned_macro_data.csv,"{'site_name': 'Baron Fork River: Welling Road', 'latitude': 35.86811111, 'longitude': -94.897, 'county': 'Cherokee', 'river_basin': 'Illinois R.', 'ecoregion': 'Ouachita Mountains', 'source_file': 'cleaned_site_data.csv', 'source_description': 'Master site data', 'latitude_source': 'cleaned_site_data.csv', 'longitude_source': 'cleaned_site_data.csv', 'county_source': 'cleaned_site_data.csv', 'river_basin_source': 'cleaned_site_data.csv', 'ecoregion_source': 'cleaned_site_data.csv'}","{'site_name': 'Baron Fork River: Welling Road', 'latitude': 35.86811111, 'longitude': -94.897, 'county': None, 'river_basin': None, 'ecoregion': 'Ozark Highlands', 'source_file': 'cleaned_macro_data.csv', 'source_description': 'Macroinvertebrate data'}"
Beaver Creek: N 4370 Rd,"[""latitude: '35.1122' vs '35.112204'"", ""longitude: '-95.24357' vs '-95.243565'""]",cleaned_site_data.csv,cleaned_macro_data.csv,"{'site_name': 'Beaver Creek: N 4370 Rd', 'latitude': 35.1122, 'longitude': -95.24357, 'county': 'Haskell', 'river_basin': 'Arkansas R.', 'ecoregion': 'Arkansas Valley', 'source_file': 'cleaned_site_data.csv', 'source_description': 'Master site data', 'latitude_source': 'cleaned_site_data.csv', 'longitude_source': 'cleaned_site_data.csv', 'county_source': 'cleaned_site_data.csv', 'river_basin_source': 'cleaned_site_data.csv', 'ecoregion_source': 'cleaned_site_data.csv'}","{'site_name': 'Beaver Creek: N 4370 Rd', 'latitude': 35.112204, 'longitude': -95.243565, 'county': None, 'river_basin': None, 'ecoregion': 'Arkansas Valley', 'source_file': 'cleaned_macro_data.csv', 'source_description': 'Macroinvertebrate data'}"
Bishop Creek: Constitution Street,"[""latitude: '35.18958' vs '35.18957778'"", ""longitude: '-97.42893' vs '-97.42893333'""]",cleaned_site_data.csv,cleaned_macro_data.csv,"{'site_name': 'Bishop Creek: Constitution Street', 'latitude': 35.18958, 'longitude': -97.42893, 'county': 'Cleveland', 'river_basin': 'Canadian R.', 'ecoregion': 'Central Great Plains', 'source_file': 'cleaned_site_data.csv', 'source_description': 'Master site data', 'latitude_source': 'cleaned_site_data.csv', 'longitude_source': 'cleaned_site_data.csv', 'county_source': 'cleaned_site_data.csv', 'river_basin_source': 'cleaned_site_data.csv', 'ecoregion_source': 'cleaned_site_data.csv'}","{'site_name': 'Bishop Creek: Constitution Street', 'latitude': 35.18957778, 'longitude': -97.42893333, 'county': None, 'river_basin': None, 'ecoregion': 'Central Great Plains', 'source_file': 'cleaned_macro_data.csv', 'source_description': 'Macroinvertebrate data'}"
Bishop Creek: Lindsey Street,"[""latitude: '35.20375' vs '35.203752'"", ""longitude: '-97.43582' vs '-97.435824'""]",cleaned_site_data.csv,cleaned_macro_data.csv,"{'site_name': 'Bishop Creek: Lindsey Street', 'latitude': 35.20375, 'longitude': -97.43582, 'county': 'Cleveland', 'river_basin': 'Canadian R.', 'ecoregion': 'Central Great Plains', 'source_file': 'cleaned_site_data.csv', 'source_description': 'Master site data', 'latitude_source': 'cleaned_site_data.csv', 'longitude_source': 'cleaned_site_data.csv', 'county_source': 'cleaned_site_data.csv', 'river_basin_source': 'cleaned_site_data.csv', 'ecoregion_source': 'cleaned_site_data.csv'}","{'site_name': 'Bishop Creek: Lindsey Street', 'latitude': 35.203752, 'longitude': -97.435824, 'county': None, 'river_basin': None, 'ecoregion': 'Central Great Plains', 'source_file': 'cleaned_macro_data.csv', 'source_description': 'Macroinvertebrate data'}"
Black Fork of Poteau River: CR D1513,"[""ecoregion: 'Arkansas Valley' vs 'Ouachita Mountains'""]",cleaned_site_data.csv,cleaned_macro_data.csv,"{'site_name': 'Black Fork of Poteau River: CR D1513', 'latitude': 34.8245166, 'longitude': -94.62565, 'county': 'LeFlore', 'river_basin': 'Arkansas R.', 'ecoregion': 'Arkansas Valley', 'source_file': 'cleaned_site_data.csv', 'source_description': 'Master site data', 'latitude_source': 'cleaned_site_data.csv', 'longitude_source': 'cleaned_site_data.csv', 'county_source': 'cleaned_site_data.csv', 'river_basin_source': 'cleaned_site_data.csv', 'ecoregion_source': 'cleaned_site_data.csv'}","{'site_name': 'Black Fork of Poteau River: CR D1513', 'latitude': 34.8245166, 'longitude': -94.62565, 'county': None, 'river_basin': None, 'ecoregion': 'Ouachita Mountains', 'source_file': 'cleaned_macro_data.csv', 'source_description': 'Macroinvertebrate data'}"
Bluff Creek: Battiest,"[""latitude: '34.44914' vs '34.4491388'"", ""longitude: '-94.94017' vs '-94.9401666'""]",cleaned_site_data.csv,cleaned_macro_data.csv,"{'site_name': 'Bluff Creek: Battiest', 'latitude': 34.44914, 'longitude': -94.94017, 'county': 'McCurtain', 'river_basin': 'Little R.', 'ecoregion': 'Ouachita Mountains', 'source_file': 'cleaned_site_data.csv', 'source_description': 'Master site data', 'latitude_source': 'cleaned_site_data.csv', 'longitude_source': 'cleaned_site_data.csv', 'county_source': 'cleaned_site_data.csv', 'river_basin_source': 'cleaned_site_data.csv', 'ecoregion_source': 'cleaned_site_data.csv'}","{'site_name': 'Bluff Creek: Battiest', 'latitude': 34.4491388, 'longitude': -94.9401666, 'county': None, 'river_basin': None, 'ecoregion': 'Ouachita Mountains', 'source_file': 'cleaned_macro_data.csv', 'source_description': 'Macroinvertebrate data'}"
Bluff Creek: NW 150th,"[""latitude: '35.62381' vs '35.62380556'""]",cleaned_site_data.csv,cleaned_macro_data.csv,"{'site_name': 'Bluff Creek: NW 150th', 'latitude': 35.62381, 'longitude': -97.6, 'county': 'Oklahoma', 'river_basin': 'Cimarron R.', 'ecoregion': 'Central Great Plains', 'source_file': 'cleaned_site_data.csv', 'source_description': 'Master site data', 'latitude_source': 'cleaned_site_data.csv', 'longitude_source': 'cleaned_site_data.csv', 'county_source': 'cleaned_site_data.csv', 'river_basin_source': 'cleaned_site_data.csv', 'ecoregion_source': 'cleaned_site_data.csv'}","{'site_name': 'Bluff Creek: NW 150th', 'latitude': 35.62380556, 'longitude': -97.6, 'county': None, 'river_basin': None, 'ecoregion': 'Central Great Plains', 'source_file': 'cleaned_macro_data.csv', 'source_description': 'Macroinvertebrate data'}"
Boomer Creek @ 3rd Ave.,"[""ecoregion: 'Cross Timbers' vs 'Central Great Plains'""]",cleaned_site_data.csv,cleaned_macro_data.csv,"{'site_name': 'Boomer Creek @ 3rd Ave.', 'latitude': 36.1191, 'longitude': -97.0518, 'county': 'Payne', 'river_basin': 'Cimarron R.', 'ecoregion': 'Cross Timbers', 'source_file': 'cleaned_site_data.csv', 'source_description': 'Master site data', 'latitude_source': 'cleaned_site_data.csv', 'longitude_source': 'cleaned_site_data.csv', 'county_source': 'cleaned_site_data.csv', 'river_basin_source': 'cleaned_site_data.csv', 'ecoregion_source': 'cleaned_site_data.csv'}","{'site_name': 'Boomer Creek @ 3rd Ave.', 'latitude': 36.1191, 'longitude': -97.0518, 'county': None, 'river_basin': None, 'ecoregion': 'Central Great Plains', 'source_file': 'cleaned_macro_data.csv', 'source_description': 'Macroinvertebrate data'}"
Boomer Creek @ S. Perkins Rd,"[""latitude: '36.11224' vs '36.1122395'"", ""ecoregion: 'Cross Timbers' vs 'Central Great Plains'""]",cleaned_site_data.csv,cleaned_macro_data.csv,"{'site_name': 'Boomer Creek @ S. Perkins Rd', 'latitude': 36.11224, 'longitude': -97.0515, 'county': 'Payne', 'river_basin': 'Cimarron R.', 'ecoregion': 'Cross Timbers', 'source_file': 'cleaned_site_data.csv', 'source_description': 'Master site data', 'latitude_source': 'cleaned_site_data.csv', 'longitude_source': 'cleaned_site_data.csv', 'county_source': 'cleaned_site_data.csv', 'river_basin_source': 'cleaned_site_data.csv', 'ecoregion_source': 'cleaned_site_data.csv'}","{'site_name': 'Boomer Creek @ S. Perkins Rd', 'latitude': 36.1122395, 'longitude': -97.0515, 'county': None, 'river_basin': None, 'ecoregion': 'Central Great Plains', 'source_file': 'cleaned_macro_data.csv', 'source_description': 'Macroinvertebrate data'}"
Boomer Creek: McElroy,"[""ecoregion: 'Cross Timbers' vs 'Central Great Plains'""]",cleaned_site_data.csv,cleaned_macro_data.csv,"{'site_name': 'Boomer Creek: McElroy', 'latitude': 36.1302777, 'longitude': -97.0558611, 'county': 'Payne', 'river_basin': 'Cimarron R.', 'ecoregion': 'Cross Timbers', 'source_file': 'cleaned_site_data.csv', 'source_description': 'Master site data', 'latitude_source': 'cleaned_site_data.csv', 'longitude_source': 'cleaned_site_data.csv', 'county_source': 'cleaned_site_data.csv', 'river_basin_source': 'cleaned_site_data.csv', 'ecoregion_source': 'cleaned_site_data.csv'}","{'site_name': 'Boomer Creek: McElroy', 'latitude': 36.1302777, 'longitude': -97.0558611, 'county': None, 'river_basin': None, 'ecoregion': 'Central Great Plains', 'source_file': 'cleaned_macro_data.csv', 'source_description': 'Macroinvertebrate data'}"
Brush Creek,"[""ecoregion: 'Ouachita Mountains' vs 'Ozark Highlands'""]",cleaned_site_data.csv,cleaned_macro_data.csv,"{'site_name': 'Brush Creek', 'latitude': 36.4054, 'longitude': -94.7956, 'county': 'Delaware', 'river_basin': 'Arkansas R.', 'ecoregion': 'Ouachita Mountains', 'source_file': 'cleaned_site_data.csv', 'source_description': 'Master site data', 'latitude_source': 'cleaned_site_data.csv', 'longitude_source': 'cleaned_site_data.csv', 'county_source': 'cleaned_site_data.csv', 'river_basin_source': 'cleaned_site_data.csv', 'ecoregion_source': 'cleaned_site_data.csv'}","{'site_name': 'Brush Creek', 'latitude': 36.4054, 'longitude': -94.7956, 'county': None, 'river_basin': None, 'ecoregion': 'Ozark Highlands', 'source_file': 'cleaned_macro_data.csv', 'source_description': 'Macroinvertebrate data'}"
Cedar Hollow Creek: Nickel Preserve,"[""ecoregion: 'Ouachita Mountains' vs 'Ozark Highlands'""]",cleaned_site_data.csv,cleaned_macro_data.csv,"{'site_name': 'Cedar Hollow Creek: Nickel Preserve', 'latitude': 35.99871, 'longitude': -94.89736, 'county': 'Cherokee', 'river_basin': 'Illinois R.', 'ecoregion': 'Ouachita Mountains', 'source_file': 'cleaned_site_data.csv', 'source_description': 'Master site data', 'latitude_source': 'cleaned_site_data.csv', 'longitude_source': 'cleaned_site_data.csv', 'county_source': 'cleaned_site_data.csv', 'river_basin_source': 'cleaned_site_data.csv', 'ecoregion_source': 'cleaned_site_data.csv'}","{'site_name': 'Cedar Hollow Creek: Nickel Preserve', 'latitude': 35.99871, 'longitude': -94.89736, 'county': None, 'river_basin': None, 'ecoregion': 'Ozark Highlands', 'source_file': 'cleaned_macro_data.csv', 'source_description': 'Macroinvertebrate data'}"
Chisholm Creek: Western,"[""ecoregion: 'Cross Timbers' vs 'Central Great Plains'""]",cleaned_site_data.csv,cleaned_macro_data.csv,"{'site_name': 'Chisholm Creek: Western', 'latitude': 35.6233, 'longitude': -97.5335, 'county': 'Oklahoma', 'river_basin': 'Cimarron R.', 'ecoregion': 'Cross Timbers', 'source_file': 'cleaned_site_data.csv', 'source_description': 'Master site data', 'latitude_source': 'cleaned_site_data.csv', 'longitude_source': 'cleaned_site_data.csv', 'county_source': 'cleaned_site_data.csv', 'river_basin_source': 'cleaned_site_data.csv', 'ecoregion_source': 'cleaned_site_data.csv'}","{'site_name': 'Chisholm Creek: Western', 'latitude': 35.6233, 'longitude': -97.5335, 'county': None, 'river_basin': None, 'ecoregion': 'Central Great Plains', 'source_file': 'cleaned_macro_data.csv', 'source_description': 'Macroinvertebrate data'}"
Chisholm Creek: NW 186 & Western,"[""ecoregion: 'Cross Timbers' vs 'Central Great Plains'""]",cleaned_site_data.csv,cleaned_macro_data.csv,"{'site_name': 'Chisholm Creek: NW 186 & Western', 'latitude': 35.660447, 'longitude': -97.532443, 'county': 'Oklahoma', 'river_basin': 'Cimarron R.', 'ecoregion': 'Cross Timbers', 'source_file': 'cleaned_site_data.csv', 'source_description': 'Master site data', 'latitude_source': 'cleaned_site_data.csv', 'longitude_source': 'cleaned_site_data.csv', 'county_source': 'cleaned_site_data.csv', 'river_basin_source': 'cleaned_site_data.csv', 'ecoregion_source': 'cleaned_site_data.csv'}","{'site_name': 'Chisholm Creek: NW 186 & Western', 'latitude': 35.660447, 'longitude': -97.532443, 'county': None, 'river_basin': None, 'ecoregion': 'Central Great Plains', 'source_file': 'cleaned_macro_data.csv', 'source_description': 'Macroinvertebrate data'}"
Chisholm Creek: Sorghum Mill Rd,"[""ecoregion: 'Cross Timbers' vs 'Central Great Plains'""]",cleaned_site_data.csv,cleaned_macro_data.csv,"{'site_name': 'Chisholm Creek: Sorghum Mill Rd', 'latitude': 35.71095, 'longitude': -97.53001, 'county': 'Oklahoma', 'river_basin': 'Cimarron R.', 'ecoregion': 'Cross Timbers', 'source_file': 'cleaned_site_data.csv', 'source_description': 'Master site data', 'latitude_source': 'cleaned_site_data.csv', 'longitude_source': 'cleaned_site_data.csv', 'county_source': 'cleaned_site_data.csv', 'river_basin_source': 'cleaned_site_data.csv', 'ecoregion_source': 'cleaned_site_data.csv'}","{'site_name': 'Chisholm Creek: Sorghum Mill Rd', 'latitude': 35.71095, 'longitude': -97.53001, 'county': None, 'river_basin': None, 'ecoregion': 'Central Great Plains', 'source_file': 'cleaned_macro_data.csv', 'source_description': 'Macroinvertebrate data'}"
Clear Boggy Creek: Hwy 377,"[""ecoregion: 'Arkansas Valley' vs 'Cross Timbers'""]",cleaned_site_data.csv,cleaned_macro_data.csv,"{'site_name': 'Clear Boggy Creek: Hwy 377', 'latitude': 34.703326, 'longitude': -96.63493, 'county': 'Pontotoc', 'river_basin': 'Lower Red R.', 'ecoregion': 'Arkansas Valley', 'source_file': 'cleaned_site_data.csv', 'source_description': 'Master site data', 'latitude_source': 'cleaned_site_data.csv', 'longitude_source': 'cleaned_site_data.csv', 'county_source': 'cleaned_site_data.csv', 'river_basin_source': 'cleaned_site_data.csv', 'ecoregion_source': 'cleaned_site_data.csv'}","{'site_name': 'Clear Boggy Creek: Hwy 377', 'latitude': 34.703326, 'longitude': -96.63493, 'county': None, 'river_basin': None, 'ecoregion': 'Cross Timbers', 'source_file': 'cleaned_macro_data.csv', 'source_description': 'Macroinvertebrate data'}"
Clear Boggy Creek: Winter Smith Bridge,"[""ecoregion: 'Arkansas Valley' vs 'Cross Timbers'""]",cleaned_site_data.csv,cleaned_macro_data.csv,"{'site_name': 'Clear Boggy Creek: Winter Smith Bridge', 'latitude': 34.75786, 'longitude': -96.65497, 'county': 'Pontotoc', 'river_basin': 'Lower Red R.', 'ecoregion': 'Arkansas Valley', 'source_file': 'cleaned_site_data.csv', 'source_description': 'Master site data', 'latitude_source': 'cleaned_site_data.csv', 'longitude_source': 'cleaned_site_data.csv', 'county_source': 'cleaned_site_data.csv', 'river_basin_source': 'cleaned_site_data.csv', 'ecoregion_source': 'cleaned_site_data.csv'}","{'site_name': 'Clear Boggy Creek: Winter Smith Bridge', 'latitude': 34.75786, 'longitude': -96.65497, 'county': None, 'river_basin': None, 'ecoregion': 'Cross Timbers', 'source_file': 'cleaned_macro_data.csv', 'source_description': 'Macroinvertebrate data'}"
Cloudy Creek,"[""latitude: '34.30374' vs '34.303745'"", ""longitude: '-95.28748' vs '-95.2874818'""]",cleaned_site_data.csv,cleaned_macro_data.csv,"{'site_name': 'Cloudy Creek', 'latitude': 34.30374, 'longitude': -95.28748, 'county': 'Pushmataha', 'river_basin': 'Little R.', 'ecoregion': 'Ouachita Mountains', 'source_file': 'cleaned_site_data.csv', 'source_description': 'Master site data', 'latitude_source': 'cleaned_site_data.csv', 'longitude_source': 'cleaned_site_data.csv', 'county_source': 'cleaned_site_data.csv', 'river_basin_source': 'cleaned_site_data.csv', 'ecoregion_source': 'cleaned_site_data.csv'}","{'site_name': 'Cloudy Creek', 'latitude': 34.303745, 'longitude': -95.2874818, 'county': None, 'river_basin': None, 'ecoregion': 'Ouachita Mountains', 'source_file': 'cleaned_macro_data.csv', 'source_description': 'Macroinvertebrate data'}"
Coal Creek: Hwy 11,"[""latitude: '36.19556' vs '36.19555556'""]",cleaned_site_data.csv,cleaned_macro_data.csv,"{'site_name': 'Coal Creek: Hwy 11', 'latitude': 36.19556, 'longitude': -95.915, 'county': 'Tulsa', 'river_basin': 'Arkansas R.', 'ecoregion': 'Central Irregular Plains', 'source_file': 'cleaned_site_data.csv', 'source_description': 'Master site data', 'latitude_source': 'cleaned_site_data.csv', 'longitude_source': 'cleaned_site_data.csv', 'county_source': 'cleaned_site_data.csv', 'river_basin_source': 'cleaned_site_data.csv', 'ecoregion_source': 'cleaned_site_data.csv'}","{'site_name': 'Coal Creek: Hwy 11', 'latitude': 36.19555556, 'longitude': -95.915, 'county': None, 'river_basin': None, 'ecoregion': 'Central Irregular Plains', 'source_file': 'cleaned_macro_data.csv', 'source_description': 'Macroinvertebrate data'}"
Coal Creek: Morris Park,"[""ecoregion: 'Cross Timbers' vs 'Central Irregular Plains'""]",cleaned_site_data.csv,cleaned_macro_data.csv,"{'site_name': 'Coal Creek: Morris Park', 'latitude': 35.98608333, 'longitude': -96.007, 'county': 'Tulsa', 'river_basin': 'Arkansas R.', 'ecoregion': 'Cross Timbers', 'source_file': 'cleaned_site_data.csv', 'source_description': 'Master site data', 'latitude_source': 'cleaned_site_data.csv', 'longitude_source': 'cleaned_site_data.csv', 'county_source': 'cleaned_site_data.csv', 'river_basin_source': 'cleaned_site_data.csv', 'ecoregion_source': 'cleaned_site_data.csv'}","{'site_name': 'Coal Creek: Morris Park', 'latitude': 35.98608333, 'longitude': -96.007, 'county': None, 'river_basin': None, 'ecoregion': 'Central Irregular Plains', 'source_file': 'cleaned_macro_data.csv', 'source_description': 'Macroinvertebrate data'}"
Cow Creek: Hwy 51,"[""ecoregion: 'Cross Timbers' vs 'Central Great Plains'""]",cleaned_site_data.csv,cleaned_macro_data.csv,"{'site_name': 'Cow Creek: Hwy 51', 'latitude': 36.11605, 'longitude': -97.09904, 'county': 'Payne', 'river_basin': 'Cimarron R.', 'ecoregion': 'Cross Timbers', 'source_file': 'cleaned_site_data.csv', 'source_description': 'Master site data', 'latitude_source': 'cleaned_site_data.csv', 'longitude_source': 'cleaned_site_data.csv', 'county_source': 'cleaned_site_data.csv', 'river_basin_source': 'cleaned_site_data.csv', 'ecoregion_source': 'cleaned_site_data.csv'}","{'site_name': 'Cow Creek: Hwy 51', 'latitude': 36.11605, 'longitude': -97.09904, 'county': None, 'river_basin': None, 'ecoregion': 'Central Great Plains', 'source_file': 'cleaned_macro_data.csv', 'source_description': 'Macroinvertebrate data'}"
Crow Creek: Zink Park,"[""latitude: '36.11806' vs '36.11805556'"", ""ecoregion: 'Cross Timbers' vs 'Central Irregular Plains'""]",cleaned_site_data.csv,cleaned_macro_data.csv,"{'site_name': 'Crow Creek: Zink Park', 'latitude': 36.11806, 'longitude': -95.97, 'county': 'Tulsa', 'river_basin': 'Arkansas R.', 'ecoregion': 'Cross Timbers', 'source_file': 'cleaned_site_data.csv', 'source_description': 'Master site data', 'latitude_source': 'cleaned_site_data.csv', 'longitude_source': 'cleaned_site_data.csv', 'county_source': 'cleaned_site_data.csv', 'river_basin_source': 'cleaned_site_data.csv', 'ecoregion_source': 'cleaned_site_data.csv'}","{'site_name': 'Crow Creek: Zink Park', 'latitude': 36.11805556, 'longitude': -95.97, 'county': None, 'river_basin': None, 'ecoregion': 'Central Irregular Plains', 'source_file': 'cleaned_macro_data.csv', 'source_description': 'Macroinvertebrate data'}"
Crutcho Creek: I-40,"[""ecoregion: 'Cross Timbers' vs 'Central Great Plains'""]",cleaned_site_data.csv,cleaned_macro_data.csv,"{'site_name': 'Crutcho Creek: I-40', 'latitude': 35.45151, 'longitude': -97.43491, 'county': 'Oklahoma', 'river_basin': 'Canadian R.', 'ecoregion': 'Cross Timbers', 'source_file': 'cleaned_site_data.csv', 'source_description': 'Master site data', 'latitude_source': 'cleaned_site_data.csv', 'longitude_source': 'cleaned_site_data.csv', 'county_source': 'cleaned_site_data.csv', 'river_basin_source': 'cleaned_site_data.csv', 'ecoregion_source': 'cleaned_site_data.csv'}","{'site_name': 'Crutcho Creek: I-40', 'latitude': 35.45151, 'longitude': -97.43491, 'county': None, 'river_basin': None, 'ecoregion': 'Central Great Plains', 'source_file': 'cleaned_macro_data.csv', 'source_description': 'Macroinvertebrate data'}"
Crutcho Creek: North Sooner Road,"[""ecoregion: 'Cross Timbers' vs 'Central Great Plains'""]",cleaned_site_data.csv,cleaned_macro_data.csv,"{'site_name': 'Crutcho Creek: North Sooner Road', 'latitude': 35.47219444, 'longitude': -97.42352778, 'county': 'Oklahoma', 'river_basin': 'Canadian R.', 'ecoregion': 'Cross Timbers', 'source_file': 'cleaned_site_data.csv', 'source_description': 'Master site data', 'latitude_source': 'cleaned_site_data.csv', 'longitude_source': 'cleaned_site_data.csv', 'county_source': 'cleaned_site_data.csv', 'river_basin_source': 'cleaned_site_data.csv', 'ecoregion_source': 'cleaned_site_data.csv'}","{'site_name': 'Crutcho Creek: North Sooner Road', 'latitude': 35.47219444, 'longitude': -97.42352778, 'county': None, 'river_basin': None, 'ecoregion': 'Central Great Plains', 'source_file': 'cleaned_macro_data.csv', 'source_description': 'Macroinvertebrate data'}"
Crutcho Creek: First Southern Baptist Church,"[""ecoregion: 'Cross Timbers' vs 'Central Great Plains'""]",cleaned_site_data.csv,cleaned_macro_data.csv,"{'site_name': 'Crutcho Creek: First Southern Baptist Church', 'latitude': 35.4014, 'longitude': -97.4232, 'county': 'Oklahoma', 'river_basin': 'Canadian R.', 'ecoregion': 'Cross Timbers', 'source_file': 'cleaned_site_data.csv', 'source_description': 'Master site data', 'latitude_source': 'cleaned_site_data.csv', 'longitude_source': 'cleaned_site_data.csv', 'county_source': 'cleaned_site_data.csv', 'river_basin_source': 'cleaned_site_data.csv', 'ecoregion_source': 'cleaned_site_data.csv'}","{'site_name': 'Crutcho Creek: First Southern Baptist Church', 'latitude': 35.4014, 'longitude': -97.4232, 'county': None, 'river_basin': None, 'ecoregion': 'Central Great Plains', 'source_file': 'cleaned_macro_data.csv', 'source_description': 'Macroinvertebrate data'}"
Delaware Creek: Camp Simpson Witch Hole,"[""ecoregion: 'Arbuckle' vs 'Cross Timbers'""]",cleaned_site_data.csv,cleaned_macro_data.csv,"{'site_name': 'Delaware Creek: Camp Simpson Witch Hole', 'latitude': 34.40928, 'longitude': -96.540661, 'county': 'Johnston', 'river_basin': 'Lower Red R.', 'ecoregion': 'Arbuckle', 'source_file': 'cleaned_site_data.csv', 'source_description': 'Master site data', 'latitude_source': 'cleaned_site_data.csv', 'longitude_source': 'cleaned_site_data.csv', 'county_source': 'cleaned_site_data.csv', 'river_basin_source': 'cleaned_site_data.csv', 'ecoregion_source': 'cleaned_site_data.csv'}","{'site_name': 'Delaware Creek: Camp Simpson Witch Hole', 'latitude': 34.40928, 'longitude': -96.540661, 'county': None, 'river_basin': None, 'ecoregion': 'Cross Timbers', 'source_file': 'cleaned_macro_data.csv', 'source_description': 'Macroinvertebrate data'}"
Duck Creek: Myers Park,"[""ecoregion: 'Cross Timbers' vs 'Central Great Plains'""]",cleaned_site_data.csv,cleaned_macro_data.csv,"{'site_name': 'Duck Creek: Myers Park', 'latitude': 36.11162, 'longitude': -97.08418, 'county': 'Payne', 'river_basin': 'Cimarron R.', 'ecoregion': 'Cross Timbers', 'source_file': 'cleaned_site_data.csv', 'source_description': 'Master site data', 'latitude_source': 'cleaned_site_data.csv', 'longitude_source': 'cleaned_site_data.csv', 'county_source': 'cleaned_site_data.csv', 'river_basin_source': 'cleaned_site_data.csv', 'ecoregion_source': 'cleaned_site_data.csv'}","{'site_name': 'Duck Creek: Myers Park', 'latitude': 36.11162, 'longitude': -97.08418, 'county': None, 'river_basin': None, 'ecoregion': 'Central Great Plains', 'source_file': 'cleaned_macro_data.csv', 'source_description': 'Macroinvertebrate data'}"
East Cache Creek: Big Green,"[""latitude: '34.58692' vs '34.586917'"", ""longitude: '-98.37067' vs '-98.370667'""]",cleaned_site_data.csv,cleaned_macro_data.csv,"{'site_name': 'East Cache Creek: Big Green', 'latitude': 34.58692, 'longitude': -98.37067, 'county': 'Comanche', 'river_basin': 'Upper Red R.', 'ecoregion': 'Central Great Plains', 'source_file': 'cleaned_site_data.csv', 'source_description': 'Master site data', 'latitude_source': 'cleaned_site_data.csv', 'longitude_source': 'cleaned_site_data.csv', 'county_source': 'cleaned_site_data.csv', 'river_basin_source': 'cleaned_site_data.csv', 'ecoregion_source': 'cleaned_site_data.csv'}","{'site_name': 'East Cache Creek: Big Green', 'latitude': 34.586917, 'longitude': -98.370667, 'county': None, 'river_basin': None, 'ecoregion': 'Central Great Plains', 'source_file': 'cleaned_macro_data.csv', 'source_description': 'Macroinvertebrate data'}"
Fish Creek: NS393,"[""ecoregion: 'Arkansas Valley' vs 'Cross Timbers'""]",cleaned_site_data.csv,cleaned_macro_data.csv,"{'site_name': 'Fish Creek: NS393', 'latitude': 35.27547222, 'longitude': -96.01644444, 'county': 'Hughes', 'river_basin': 'Canadian R.', 'ecoregion': 'Arkansas Valley', 'source_file': 'cleaned_site_data.csv', 'source_description': 'Master site data', 'latitude_source': 'cleaned_site_data.csv', 'longitude_source': 'cleaned_site_data.csv', 'county_source': 'cleaned_site_data.csv', 'river_basin_source': 'cleaned_site_data.csv', 'ecoregion_source': 'cleaned_site_data.csv'}","{'site_name': 'Fish Creek: NS393', 'latitude': 35.27547222, 'longitude': -96.01644444, 'county': None, 'river_basin': None, 'ecoregion': 'Cross Timbers', 'source_file': 'cleaned_macro_data.csv', 'source_description': 'Macroinvertebrate data'}"
Flat Rock Creek: Hwy 75,"[""latitude: '36.22514' vs '36.2251388'"", ""longitude: '-95.94467' vs '-95.9446666'"", ""ecoregion: 'Cross Timbers' vs 'Central Irregular Plains'""]",cleaned_site_data.csv,cleaned_macro_data.csv,"{'site_name': 'Flat Rock Creek: Hwy 75', 'latitude': 36.22514, 'longitude': -95.94467, 'county': 'Tulsa', 'river_basin': 'Arkansas R.', 'ecoregion': 'Cross Timbers', 'source_file': 'cleaned_site_data.csv', 'source_description': 'Master site data', 'latitude_source': 'cleaned_site_data.csv', 'longitude_source': 'cleaned_site_data.csv', 'county_source': 'cleaned_site_data.csv', 'river_basin_source': 'cleaned_site_data.csv', 'ecoregion_source': 'cleaned_site_data.csv'}","{'site_name': 'Flat Rock Creek: Hwy 75', 'latitude': 36.2251388, 'longitude': -95.9446666, 'county': None, 'river_basin': None, 'ecoregion': 'Central Irregular Plains', 'source_file': 'cleaned_macro_data.csv', 'source_description': 'Macroinvertebrate data'}"
Fred Creek: Evanston,"[""ecoregion: 'Cross Timbers' vs 'Central Irregular Plains'""]",cleaned_site_data.csv,cleaned_macro_data.csv,"{'site_name': 'Fred Creek: Evanston', 'latitude': 36.0515, 'longitude': -95.9469, 'county': 'Tulsa', 'river_basin': 'Arkansas R.', 'ecoregion': 'Cross Timbers', 'source_file': 'cleaned_site_data.csv', 'source_description': 'Master site data', 'latitude_source': 'cleaned_site_data.csv', 'longitude_source': 'cleaned_site_data.csv', 'county_source': 'cleaned_site_data.csv', 'river_basin_source': 'cleaned_site_data.csv', 'ecoregion_source': 'cleaned_site_data.csv'}","{'site_name': 'Fred Creek: Evanston', 'latitude': 36.0515, 'longitude': -95.9469, 'county': None, 'river_basin': None, 'ecoregion': 'Central Irregular Plains', 'source_file': 'cleaned_macro_data.csv', 'source_description': 'Macroinvertebrate data'}"
Guy James Creek: NW Eubanks St.,"[""ecoregion: 'Cross Timbers' vs 'Central Great Plains'""]",cleaned_site_data.csv,cleaned_macro_data.csv,"{'site_name': 'Guy James Creek: NW Eubanks St.', 'latitude': 35.5074, 'longitude': -97.51885, 'county': 'Oklahoma', 'river_basin': 'Canadian R.', 'ecoregion': 'Cross Timbers', 'source_file': 'cleaned_site_data.csv', 'source_description': 'Master site data', 'latitude_source': 'cleaned_site_data.csv', 'longitude_source': 'cleaned_site_data.csv', 'county_source': 'cleaned_site_data.csv', 'river_basin_source': 'cleaned_site_data.csv', 'ecoregion_source': 'cleaned_site_data.csv'}","{'site_name': 'Guy James Creek: NW Eubanks St.', 'latitude': 35.5074, 'longitude': -97.51885, 'county': None, 'river_basin': None, 'ecoregion': 'Central Great Plains', 'source_file': 'cleaned_macro_data.csv', 'source_description': 'Macroinvertebrate data'}"
Honey Creek: Berry Bluff,"[""longitude: '-97.71052778' vs '-94.71052778'"", ""ecoregion: 'Central Great Plains' vs 'Ozark Highlands'""]",cleaned_site_data.csv,cleaned_macro_data.csv,"{'site_name': 'Honey Creek: Berry Bluff', 'latitude': 36.54222222, 'longitude': -97.71052778, 'county': 'Delaware', 'river_basin': 'Arkansas R.', 'ecoregion': 'Central Great Plains', 'source_file': 'cleaned_site_data.csv', 'source_description': 'Master site data', 'latitude_source': 'cleaned_site_data.csv', 'longitude_source': 'cleaned_site_data.csv', 'county_source': 'cleaned_site_data.csv', 'river_basin_source': 'cleaned_site_data.csv', 'ecoregion_source': 'cleaned_site_data.csv'}","{'site_name': 'Honey Creek: Berry Bluff', 'latitude': 36.54222222, 'longitude': -94.71052778, 'county': None, 'river_basin': None, 'ecoregion': 'Ozark Highlands', 'source_file': 'cleaned_macro_data.csv', 'source_description': 'Macroinvertebrate data'}"
Jimmy Creek: Prose,"[""ecoregion: 'Wichita Mountains' vs 'Central Great Plains'""]",cleaned_site_data.csv,cleaned_macro_data.csv,"{'site_name': 'Jimmy Creek: Prose', 'latitude': 34.7864, 'longitude': -98.58164, 'county': 'Comanche', 'river_basin': 'Upper Red R.', 'ecoregion': 'Wichita Mountains', 'source_file': 'cleaned_site_data.csv', 'source_description': 'Master site data', 'latitude_source': 'cleaned_site_data.csv', 'longitude_source': 'cleaned_site_data.csv', 'county_source': 'cleaned_site_data.csv', 'river_basin_source': 'cleaned_site_data.csv', 'ecoregion_source': 'cleaned_site_data.csv'}","{'site_name': 'Jimmy Creek: Prose', 'latitude': 34.7864, 'longitude': -98.58164, 'county': None, 'river_basin': None, 'ecoregion': 'Central Great Plains', 'source_file': 'cleaned_macro_data.csv', 'source_description': 'Macroinvertebrate data'}"
Little Horse Creek,"[""ecoregion: 'Ozark Highlands' vs 'Central Irregular Plains'""]",cleaned_site_data.csv,cleaned_macro_data.csv,"{'site_name': 'Little Horse Creek', 'latitude': 36.6977, 'longitude': -94.9093, 'county': 'Ottawa', 'river_basin': 'Arkansas R.', 'ecoregion': 'Ozark Highlands', 'source_file': 'cleaned_site_data.csv', 'source_description': 'Master site data', 'latitude_source': 'cleaned_site_data.csv', 'longitude_source': 'cleaned_site_data.csv', 'county_source': 'cleaned_site_data.csv', 'river_basin_source': 'cleaned_site_data.csv', 'ecoregion_source': 'cleaned_site_data.csv'}","{'site_name': 'Little Horse Creek', 'latitude': 36.6977, 'longitude': -94.9093, 'county': None, 'river_basin': None, 'ecoregion': 'Central Irregular Plains', 'source_file': 'cleaned_macro_data.csv', 'source_description': 'Macroinvertebrate data'}"
Little Sandy Creek: Chamber Loop,"[""latitude: '34.78297' vs '34.7829722'"", ""longitude: '-96.67247' vs '-96.6724722'"", ""ecoregion: 'Arkansas Valley' vs 'Cross Timbers'""]",cleaned_site_data.csv,cleaned_macro_data.csv,"{'site_name': 'Little Sandy Creek: Chamber Loop', 'latitude': 34.78297, 'longitude': -96.67247, 'county': 'Pontotoc', 'river_basin': 'Canadian R.', 'ecoregion': 'Arkansas Valley', 'source_file': 'cleaned_site_data.csv', 'source_description': 'Master site data', 'latitude_source': 'cleaned_site_data.csv', 'longitude_source': 'cleaned_site_data.csv', 'county_source': 'cleaned_site_data.csv', 'river_basin_source': 'cleaned_site_data.csv', 'ecoregion_source': 'cleaned_site_data.csv'}","{'site_name': 'Little Sandy Creek: Chamber Loop', 'latitude': 34.7829722, 'longitude': -96.6724722, 'county': None, 'river_basin': None, 'ecoregion': 'Cross Timbers', 'source_file': 'cleaned_macro_data.csv', 'source_description': 'Macroinvertebrate data'}"
Little Sandy Creek: Hwy 99,"[""ecoregion: 'Arkansas Valley' vs 'Cross Timbers'""]",cleaned_site_data.csv,cleaned_macro_data.csv,"{'site_name': 'Little Sandy Creek: Hwy 99', 'latitude': 34.84261, 'longitude': -96.686, 'county': 'Pontotoc', 'river_basin': 'Canadian R.', 'ecoregion': 'Arkansas Valley', 'source_file': 'cleaned_site_data.csv', 'source_description': 'Master site data', 'latitude_source': 'cleaned_site_data.csv', 'longitude_source': 'cleaned_site_data.csv', 'county_source': 'cleaned_site_data.csv', 'river_basin_source': 'cleaned_site_data.csv', 'ecoregion_source': 'cleaned_site_data.csv'}","{'site_name': 'Little Sandy Creek: Hwy 99', 'latitude': 34.84261, 'longitude': -96.686, 'county': None, 'river_basin': None, 'ecoregion': 'Cross Timbers', 'source_file': 'cleaned_macro_data.csv', 'source_description': 'Macroinvertebrate data'}"
Lost Creek: Woody,"[""ecoregion: 'Cross Timbers' vs 'Central Great Plains'""]",cleaned_site_data.csv,cleaned_macro_data.csv,"{'site_name': 'Lost Creek: Woody', 'latitude': 35.97655, 'longitude': -97.00729, 'county': 'Payne', 'river_basin': 'Cimarron R.', 'ecoregion': 'Cross Timbers', 'source_file': 'cleaned_site_data.csv', 'source_description': 'Master site data', 'latitude_source': 'cleaned_site_data.csv', 'longitude_source': 'cleaned_site_data.csv', 'county_source': 'cleaned_site_data.csv', 'river_basin_source': 'cleaned_site_data.csv', 'ecoregion_source': 'cleaned_site_data.csv'}","{'site_name': 'Lost Creek: Woody', 'latitude': 35.97655, 'longitude': -97.00729, 'county': None, 'river_basin': None, 'ecoregion': 'Central Great Plains', 'source_file': 'cleaned_macro_data.csv', 'source_description': 'Macroinvertebrate data'}"
Medicine Creek: Apache (Stayer),"[""ecoregion: 'Wichita Mountains' vs 'Central Great Plains'""]",cleaned_site_data.csv,cleaned_macro_data.csv,"{'site_name': 'Medicine Creek: Apache (Stayer)', 'latitude': 34.7778055, 'longitude': -98.6106388, 'county': 'Comanche', 'river_basin': 'Upper Red R.', 'ecoregion': 'Wichita Mountains', 'source_file': 'cleaned_site_data.csv', 'source_description': 'Master site data', 'latitude_source': 'cleaned_site_data.csv', 'longitude_source': 'cleaned_site_data.csv', 'county_source': 'cleaned_site_data.csv', 'river_basin_source': 'cleaned_site_data.csv', 'ecoregion_source': 'cleaned_site_data.csv'}","{'site_name': 'Medicine Creek: Apache (Stayer)', 'latitude': 34.7778055, 'longitude': -98.6106388, 'county': None, 'river_basin': None, 'ecoregion': 'Central Great Plains', 'source_file': 'cleaned_macro_data.csv', 'source_description': 'Macroinvertebrate data'}"
Mooser Creek: Elwood,"[""ecoregion: 'Cross Timbers' vs 'Central Irregular Plains'""]",cleaned_site_data.csv,cleaned_macro_data.csv,"{'site_name': 'Mooser Creek: Elwood', 'latitude': 36.0875, 'longitude': -95.993, 'county': 'Tulsa', 'river_basin': 'Arkansas R.', 'ecoregion': 'Cross Timbers', 'source_file': 'cleaned_site_data.csv', 'source_description': 'Master site data', 'latitude_source': 'cleaned_site_data.csv', 'longitude_source': 'cleaned_site_data.csv', 'county_source': 'cleaned_site_data.csv', 'river_basin_source': 'cleaned_site_data.csv', 'ecoregion_source': 'cleaned_site_data.csv'}","{'site_name': 'Mooser Creek: Elwood', 'latitude': 36.0875, 'longitude': -95.993, 'county': None, 'river_basin': None, 'ecoregion': 'Central Irregular Plains', 'source_file': 'cleaned_macro_data.csv', 'source_description': 'Macroinvertebrate data'}"
Mooser Creek: Pepsi,"[""ecoregion: 'Cross Timbers' vs 'Central Irregular Plains'""]",cleaned_site_data.csv,cleaned_macro_data.csv,"{'site_name': 'Mooser Creek: Pepsi', 'latitude': 36.08558333, 'longitude': -95.999, 'county': 'Tulsa', 'river_basin': 'Arkansas R.', 'ecoregion': 'Cross Timbers', 'source_file': 'cleaned_site_data.csv', 'source_description': 'Master site data', 'latitude_source': 'cleaned_site_data.csv', 'longitude_source': 'cleaned_site_data.csv', 'county_source': 'cleaned_site_data.csv', 'river_basin_source': 'cleaned_site_data.csv', 'ecoregion_source': 'cleaned_site_data.csv'}","{'site_name': 'Mooser Creek: Pepsi', 'latitude': 36.08558333, 'longitude': -95.999, 'county': None, 'river_basin': None, 'ecoregion': 'Central Irregular Plains', 'source_file': 'cleaned_macro_data.csv', 'source_description': 'Macroinvertebrate data'}"
Park Hill Branch Creek: Murrell Home,"[""latitude: '35.85468' vs '35.85468333'"", ""ecoregion: 'Ouachita Mountains' vs 'Ozark Highlands'""]",cleaned_site_data.csv,cleaned_macro_data.csv,"{'site_name': 'Park Hill Branch Creek: Murrell Home', 'latitude': 35.85468, 'longitude': -94.957, 'county': 'Cherokee', 'river_basin': 'Illinois R.', 'ecoregion': 'Ouachita Mountains', 'source_file': 'cleaned_site_data.csv', 'source_description': 'Master site data', 'latitude_source': 'cleaned_site_data.csv', 'longitude_source': 'cleaned_site_data.csv', 'county_source': 'cleaned_site_data.csv', 'river_basin_source': 'cleaned_site_data.csv', 'ecoregion_source': 'cleaned_site_data.csv'}","{'site_name': 'Park Hill Branch Creek: Murrell Home', 'latitude': 35.85468333, 'longitude': -94.957, 'county': None, 'river_basin': None, 'ecoregion': 'Ozark Highlands', 'source_file': 'cleaned_macro_data.csv', 'source_description': 'Macroinvertebrate data'}"
Sanborn Hazen Lake Creek: Stickland Park,"[""latitude: '36.12533' vs '36.12532927'"", ""longitude: '-97.05841' vs '-97.05840955'"", ""ecoregion: 'Cross Timbers' vs 'Central Great Plains'""]",cleaned_site_data.csv,cleaned_macro_data.csv,"{'site_name': 'Sanborn Hazen Lake Creek: Stickland Park', 'latitude': 36.12533, 'longitude': -97.05841, 'county': 'Payne', 'river_basin': 'Cimarron R.', 'ecoregion': 'Cross Timbers', 'source_file': 'cleaned_site_data.csv', 'source_description': 'Master site data', 'latitude_source': 'cleaned_site_data.csv', 'longitude_source': 'cleaned_site_data.csv', 'county_source': 'cleaned_site_data.csv', 'river_basin_source': 'cleaned_site_data.csv', 'ecoregion_source': 'cleaned_site_data.csv'}","{'site_name': 'Sanborn Hazen Lake Creek: Stickland Park', 'latitude': 36.12532927, 'longitude': -97.05840955, 'county': None, 'river_basin': None, 'ecoregion': 'Central Great Plains', 'source_file': 'cleaned_macro_data.csv', 'source_description': 'Macroinvertebrate data'}"
Sans Bois Creek,"[""latitude: '35.10064' vs '35.100638'""]",cleaned_site_data.csv,cleaned_macro_data.csv,"{'site_name': 'Sans Bois Creek', 'latitude': 35.10064, 'longitude': -95.2796, 'county': 'Haskell', 'river_basin': 'Arkansas R.', 'ecoregion': 'Arkansas Valley', 'source_file': 'cleaned_site_data.csv', 'source_description': 'Master site data', 'latitude_source': 'cleaned_site_data.csv', 'longitude_source': 'cleaned_site_data.csv', 'county_source': 'cleaned_site_data.csv', 'river_basin_source': 'cleaned_site_data.csv', 'ecoregion_source': 'cleaned_site_data.csv'}","{'site_name': 'Sans Bois Creek', 'latitude': 35.100638, 'longitude': -95.2796, 'county': None, 'river_basin': None, 'ecoregion': 'Arkansas Valley', 'source_file': 'cleaned_macro_data.csv', 'source_description': 'Macroinvertebrate data'}"
Sharp Creek: Smith Grove,"[""latitude: '36.81093' vs '36.810928'"", ""longitude: '-100.8199' vs '-100.819867'"", ""ecoregion: 'Southwestern Tablelands' vs 'High Plains'""]",cleaned_site_data.csv,cleaned_macro_data.csv,"{'site_name': 'Sharp Creek: Smith Grove', 'latitude': 36.81093, 'longitude': -100.8199, 'county': 'Beaver', 'river_basin': 'Canadian R.', 'ecoregion': 'Southwestern Tablelands', 'source_file': 'cleaned_site_data.csv', 'source_description': 'Master site data', 'latitude_source': 'cleaned_site_data.csv', 'longitude_source': 'cleaned_site_data.csv', 'county_source': 'cleaned_site_data.csv', 'river_basin_source': 'cleaned_site_data.csv', 'ecoregion_source': 'cleaned_site_data.csv'}","{'site_name': 'Sharp Creek: Smith Grove', 'latitude': 36.810928, 'longitude': -100.819867, 'county': None, 'river_basin': None, 'ecoregion': 'High Plains', 'source_file': 'cleaned_macro_data.csv', 'source_description': 'Macroinvertebrate data'}"
Sharp Creek: Smith Silo,"[""ecoregion: 'Southwestern Tablelands' vs 'High Plains'""]",cleaned_site_data.csv,cleaned_macro_data.csv,"{'site_name': 'Sharp Creek: Smith Silo', 'latitude': 36.816239, 'longitude': -100.830817, 'county': 'Beaver', 'river_basin': 'Canadian R.', 'ecoregion': 'Southwestern Tablelands', 'source_file': 'cleaned_site_data.csv', 'source_description': 'Master site data', 'latitude_source': 'cleaned_site_data.csv', 'longitude_source': 'cleaned_site_data.csv', 'county_source': 'cleaned_site_data.csv', 'river_basin_source': 'cleaned_site_data.csv', 'ecoregion_source': 'cleaned_site_data.csv'}","{'site_name': 'Sharp Creek: Smith Silo', 'latitude': 36.816239, 'longitude': -100.830817, 'county': None, 'river_basin': None, 'ecoregion': 'High Plains', 'source_file': 'cleaned_macro_data.csv', 'source_description': 'Macroinvertebrate data'}"
Soldier Creek: County Road 74,"[""ecoregion: 'Cross Timbers' vs 'Central Great Plains'""]",cleaned_site_data.csv,cleaned_macro_data.csv,"{'site_name': 'Soldier Creek: County Road 74', 'latitude': 35.941751, 'longitude': -97.230707, 'county': 'Logan', 'river_basin': 'Cimarron R.', 'ecoregion': 'Cross Timbers', 'source_file': 'cleaned_site_data.csv', 'source_description': 'Master site data', 'latitude_source': 'cleaned_site_data.csv', 'longitude_source': 'cleaned_site_data.csv', 'county_source': 'cleaned_site_data.csv', 'river_basin_source': 'cleaned_site_data.csv', 'ecoregion_source': 'cleaned_site_data.csv'}","{'site_name': 'Soldier Creek: County Road 74', 'latitude': 35.941751, 'longitude': -97.230707, 'county': None, 'river_basin': None, 'ecoregion': 'Central Great Plains', 'source_file': 'cleaned_macro_data.csv', 'source_description': 'Macroinvertebrate data'}"
Spring Creek: Fram Site,"[""ecoregion: 'Ouachita Mountains' vs 'Ozark Highlands'""]",cleaned_site_data.csv,cleaned_macro_data.csv,"{'site_name': 'Spring Creek: Fram Site', 'latitude': 36.12547222, 'longitude': -94.947, 'county': 'Cherokee', 'river_basin': 'Arkansas R.', 'ecoregion': 'Ouachita Mountains', 'source_file': 'cleaned_site_data.csv', 'source_description': 'Master site data', 'latitude_source': 'cleaned_site_data.csv', 'longitude_source': 'cleaned_site_data.csv', 'county_source': 'cleaned_site_data.csv', 'river_basin_source': 'cleaned_site_data.csv', 'ecoregion_source': 'cleaned_site_data.csv'}","{'site_name': 'Spring Creek: Fram Site', 'latitude': 36.12547222, 'longitude': -94.947, 'county': None, 'river_basin': None, 'ecoregion': 'Ozark Highlands', 'source_file': 'cleaned_macro_data.csv', 'source_description': 'Macroinvertebrate data'}"
Spring Creek: I-35,"[""latitude: '35.64744' vs '35.64744444'""]",cleaned_site_data.csv,cleaned_macro_data.csv,"{'site_name': 'Spring Creek: I-35', 'latitude': 35.64744, 'longitude': -97.424, 'county': 'Oklahoma', 'river_basin': 'Canadian R.', 'ecoregion': 'Cross Timbers', 'source_file': 'cleaned_site_data.csv', 'source_description': 'Master site data', 'latitude_source': 'cleaned_site_data.csv', 'longitude_source': 'cleaned_site_data.csv', 'county_source': 'cleaned_site_data.csv', 'river_basin_source': 'cleaned_site_data.csv', 'ecoregion_source': 'cleaned_site_data.csv'}","{'site_name': 'Spring Creek: I-35', 'latitude': 35.64744444, 'longitude': -97.424, 'county': None, 'river_basin': None, 'ecoregion': 'Cross Timbers', 'source_file': 'cleaned_macro_data.csv', 'source_description': 'Macroinvertebrate data'}"
Stillwater Creek: Babcock Park,"[""longitude: '-97.0876111' vs '-97.08761'"", ""ecoregion: 'Cross Timbers' vs 'Central Great Plains'""]",cleaned_site_data.csv,cleaned_macro_data.csv,"{'site_name': 'Stillwater Creek: Babcock Park', 'latitude': 36.10425, 'longitude': -97.0876111, 'county': 'Payne', 'river_basin': 'Cimarron R.', 'ecoregion': 'Cross Timbers', 'source_file': 'cleaned_site_data.csv', 'source_description': 'Master site data', 'latitude_source': 'cleaned_site_data.csv', 'longitude_source': 'cleaned_site_data.csv', 'county_source': 'cleaned_site_data.csv', 'river_basin_source': 'cleaned_site_data.csv', 'ecoregion_source': 'cleaned_site_data.csv'}","{'site_name': 'Stillwater Creek: Babcock Park', 'latitude': 36.10425, 'longitude': -97.08761, 'county': None, 'river_basin': None, 'ecoregion': 'Central Great Plains', 'source_file': 'cleaned_macro_data.csv', 'source_description': 'Macroinvertebrate data'}"
Stillwater Creek: South Sangre Road,"[""ecoregion: 'Cross Timbers' vs 'Central Great Plains'""]",cleaned_site_data.csv,cleaned_macro_data.csv,"{'site_name': 'Stillwater Creek: South Sangre Road', 'latitude': 36.11808, 'longitude': -97.10511, 'county': 'Payne', 'river_basin': 'Cimarron R.', 'ecoregion': 'Cross Timbers', 'source_file': 'cleaned_site_data.csv', 'source_description': 'Master site data', 'latitude_source': 'cleaned_site_data.csv', 'longitude_source': 'cleaned_site_data.csv', 'county_source': 'cleaned_site_data.csv', 'river_basin_source': 'cleaned_site_data.csv', 'ecoregion_source': 'cleaned_site_data.csv'}","{'site_name': 'Stillwater Creek: South Sangre Road', 'latitude': 36.11808, 'longitude': -97.10511, 'county': None, 'river_basin': None, 'ecoregion': 'Central Great Plains', 'source_file': 'cleaned_macro_data.csv', 'source_description': 'Macroinvertebrate data'}"
Tahlequah Creek: Ross Branch,"[""ecoregion: 'Ouachita Mountains' vs 'Ozark Highlands'""]",cleaned_site_data.csv,cleaned_macro_data.csv,"{'site_name': 'Tahlequah Creek: Ross Branch', 'latitude': 35.89618, 'longitude': -94.97092, 'county': 'Cherokee', 'river_basin': 'Illinois R.', 'ecoregion': 'Ouachita Mountains', 'source_file': 'cleaned_site_data.csv', 'source_description': 'Master site data', 'latitude_source': 'cleaned_site_data.csv', 'longitude_source': 'cleaned_site_data.csv', 'county_source': 'cleaned_site_data.csv', 'river_basin_source': 'cleaned_site_data.csv', 'ecoregion_source': 'cleaned_site_data.csv'}","{'site_name': 'Tahlequah Creek: Ross Branch', 'latitude': 35.89618, 'longitude': -94.97092, 'county': None, 'river_basin': None, 'ecoregion': 'Ozark Highlands', 'source_file': 'cleaned_macro_data.csv', 'source_description': 'Macroinvertebrate data'}"
Tahlequah Town Branch: Basin Street,"[""ecoregion: 'Ouachita Mountains' vs 'Ozark Highlands'""]",cleaned_site_data.csv,cleaned_macro_data.csv,"{'site_name': 'Tahlequah Town Branch: Basin Street', 'latitude': 35.89683333, 'longitude': -94.97, 'county': 'Cherokee', 'river_basin': 'Illinois R.', 'ecoregion': 'Ouachita Mountains', 'source_file': 'cleaned_site_data.csv', 'source_description': 'Master site data', 'latitude_source': 'cleaned_site_data.csv', 'longitude_source': 'cleaned_site_data.csv', 'county_source': 'cleaned_site_data.csv', 'river_basin_source': 'cleaned_site_data.csv', 'ecoregion_source': 'cleaned_site_data.csv'}","{'site_name': 'Tahlequah Town Branch: Basin Street', 'latitude': 35.89683333, 'longitude': -94.97, 'county': None, 'river_basin': None, 'ecoregion': 'Ozark Highlands', 'source_file': 'cleaned_macro_data.csv', 'source_description': 'Macroinvertebrate data'}"
Tahlequah Town Branch: Spring Street,"[""ecoregion: 'Ouachita Mountains' vs 'Ozark Highlands'""]",cleaned_site_data.csv,cleaned_macro_data.csv,"{'site_name': 'Tahlequah Town Branch: Spring Street', 'latitude': 35.91786111, 'longitude': -94.97, 'county': 'Cherokee', 'river_basin': 'Illinois R.', 'ecoregion': 'Ouachita Mountains', 'source_file': 'cleaned_site_data.csv', 'source_description': 'Master site data', 'latitude_source': 'cleaned_site_data.csv', 'longitude_source': 'cleaned_site_data.csv', 'county_source': 'cleaned_site_data.csv', 'river_basin_source': 'cleaned_site_data.csv', 'ecoregion_source': 'cleaned_site_data.csv'}","{'site_name': 'Tahlequah Town Branch: Spring Street', 'latitude': 35.91786111, 'longitude': -94.97, 'county': None, 'river_basin': None, 'ecoregion': 'Ozark Highlands', 'source_file': 'cleaned_macro_data.csv', 'source_description': 'Macroinvertebrate data'}"
Taloka Creek: N 4430,"[""latitude: '35.29578333' vs '35.29578'"", ""longitude: '-95.13306667' vs '-95.13307'""]",cleaned_site_data.csv,cleaned_macro_data.csv,"{'site_name': 'Taloka Creek: N 4430', 'latitude': 35.29578333, 'longitude': -95.13306667, 'county': 'Haskell', 'river_basin': 'Canadian R.', 'ecoregion': 'Arkansas Valley', 'source_file': 'cleaned_site_data.csv', 'source_description': 'Master site data', 'latitude_source': 'cleaned_site_data.csv', 'longitude_source': 'cleaned_site_data.csv', 'county_source': 'cleaned_site_data.csv', 'river_basin_source': 'cleaned_site_data.csv', 'ecoregion_source': 'cleaned_site_data.csv'}","{'site_name': 'Taloka Creek: N 4430', 'latitude': 35.29578, 'longitude': -95.13307, 'county': None, 'river_basin': None, 'ecoregion': 'Arkansas Valley', 'source_file': 'cleaned_macro_data.csv', 'source_description': 'Macroinvertebrate data'}"
Tiger Creek: Woods,"[""latitude: '35.98603' vs '35.986034'""]",cleaned_site_data.csv,cleaned_macro_data.csv,"{'site_name': 'Tiger Creek: Woods', 'latitude': 35.98603, 'longitude': -96.5992, 'county': 'Creek', 'river_basin': 'Cimarron R.', 'ecoregion': 'Cross Timbers', 'source_file': 'cleaned_site_data.csv', 'source_description': 'Master site data', 'latitude_source': 'cleaned_site_data.csv', 'longitude_source': 'cleaned_site_data.csv', 'county_source': 'cleaned_site_data.csv', 'river_basin_source': 'cleaned_site_data.csv', 'ecoregion_source': 'cleaned_site_data.csv'}","{'site_name': 'Tiger Creek: Woods', 'latitude': 35.986034, 'longitude': -96.5992, 'county': None, 'river_basin': None, 'ecoregion': 'Cross Timbers', 'source_file': 'cleaned_macro_data.csv', 'source_description': 'Macroinvertebrate data'}"
Turkey Creek,"[""ecoregion: 'Cross Timbers' vs 'Central Irregular Plains'""]",cleaned_site_data.csv,cleaned_macro_data.csv,"{'site_name': 'Turkey Creek', 'latitude': 36.7478, 'longitude': -95.9369, 'county': 'Washington', 'river_basin': 'Arkansas R.', 'ecoregion': 'Cross Timbers', 'source_file': 'cleaned_site_data.csv', 'source_description': 'Master site data', 'latitude_source': 'cleaned_site_data.csv', 'longitude_source': 'cleaned_site_data.csv', 'county_source': 'cleaned_site_data.csv', 'river_basin_source': 'cleaned_site_data.csv', 'ecoregion_source': 'cleaned_site_data.csv'}","{'site_name': 'Turkey Creek', 'latitude': 36.7478, 'longitude': -95.9369, 'county': None, 'river_basin': None, 'ecoregion': 'Central Irregular Plains', 'source_file': 'cleaned_macro_data.csv', 'source_description': 'Macroinvertebrate data'}"
Tyner Creek: TB4,"[""ecoregion: 'Ouachita Mountains' vs 'Ozark Highlands'""]",cleaned_site_data.csv,cleaned_macro_data.csv,"{'site_name': 'Tyner Creek: TB4', 'latitude': 36.02194444, 'longitude': -94.73166667, 'county': 'Adair', 'river_basin': 'Illinois R.', 'ecoregion': 'Ouachita Mountains', 'source_file': 'cleaned_site_data.csv', 'source_description': 'Master site data', 'latitude_source': 'cleaned_site_data.csv', 'longitude_source': 'cleaned_site_data.csv', 'county_source': 'cleaned_site_data.csv', 'river_basin_source': 'cleaned_site_data.csv', 'ecoregion_source': 'cleaned_site_data.csv'}","{'site_name': 'Tyner Creek: TB4', 'latitude': 36.02194444, 'longitude': -94.73166667, 'county': None, 'river_basin': None, 'ecoregion': 'Ozark Highlands', 'source_file': 'cleaned_macro_data.csv', 'source_description': 'Macroinvertebrate data'}"
Unknown Trib to Arkansas River,"[""ecoregion: 'Boston Mountains' vs 'Central Irregular Plains'""]",cleaned_site_data.csv,cleaned_macro_data.csv,"{'site_name': 'Unknown Trib to Arkansas River', 'latitude': 35.75839, 'longitude': -95.30722, 'county': 'Muskogee', 'river_basin': 'Arkansas R.', 'ecoregion': 'Boston Mountains', 'source_file': 'cleaned_site_data.csv', 'source_description': 'Master site data', 'latitude_source': 'cleaned_site_data.csv', 'longitude_source': 'cleaned_site_data.csv', 'county_source': 'cleaned_site_data.csv', 'river_basin_source': 'cleaned_site_data.csv', 'ecoregion_source': 'cleaned_site_data.csv'}","{'site_name': 'Unknown Trib to Arkansas River', 'latitude': 35.75839, 'longitude': -95.30722, 'county': None, 'river_basin': None, 'ecoregion': 'Central Irregular Plains', 'source_file': 'cleaned_macro_data.csv', 'source_description': 'Macroinvertebrate data'}"
Unnamed Trib to Harlow Creek: Golden Acres,"[""latitude: '36.18867' vs '36.1886666'"", ""longitude: '-96.04142' vs '-96.0414166'"", ""ecoregion: 'Cross Timbers' vs 'Central Irregular Plains'""]",cleaned_site_data.csv,cleaned_macro_data.csv,"{'site_name': 'Unnamed Trib to Harlow Creek: Golden Acres', 'latitude': 36.18867, 'longitude': -96.04142, 'county': 'Osage', 'river_basin': 'Arkansas R.', 'ecoregion': 'Cross Timbers', 'source_file': 'cleaned_site_data.csv', 'source_description': 'Master site data', 'latitude_source': 'cleaned_site_data.csv', 'longitude_source': 'cleaned_site_data.csv', 'county_source': 'cleaned_site_data.csv', 'river_basin_source': 'cleaned_site_data.csv', 'ecoregion_source': 'cleaned_site_data.csv'}","{'site_name': 'Unnamed Trib to Harlow Creek: Golden Acres', 'latitude': 36.1886666, 'longitude': -96.0414166, 'county': None, 'river_basin': None, 'ecoregion': 'Central Irregular Plains', 'source_file': 'cleaned_macro_data.csv', 'source_description': 'Macroinvertebrate data'}"
Unnamed Trib to Little Joe Creek: LaFortune Park,"[""ecoregion: 'Cross Timbers' vs 'Central Irregular Plains'""]",cleaned_site_data.csv,cleaned_macro_data.csv,"{'site_name': 'Unnamed Trib to Little Joe Creek: LaFortune Park', 'latitude': 36.07946667, 'longitude': -95.92121667, 'county': 'Tulsa', 'river_basin': 'Arkansas R.', 'ecoregion': 'Cross Timbers', 'source_file': 'cleaned_site_data.csv', 'source_description': 'Master site data', 'latitude_source': 'cleaned_site_data.csv', 'longitude_source': 'cleaned_site_data.csv', 'county_source': 'cleaned_site_data.csv', 'river_basin_source': 'cleaned_site_data.csv', 'ecoregion_source': 'cleaned_site_data.csv'}","{'site_name': 'Unnamed Trib to Little Joe Creek: LaFortune Park', 'latitude': 36.07946667, 'longitude': -95.92121667, 'county': None, 'river_basin': None, 'ecoregion': 'Central Irregular Plains', 'source_file': 'cleaned_macro_data.csv', 'source_description': 'Macroinvertebrate data'}"
Walnut Creek: Purcell,"[""ecoregion: 'Cross Timbers' vs 'Central Great Plains'""]",cleaned_site_data.csv,cleaned_macro_data.csv,"{'site_name': 'Walnut Creek: Purcell', 'latitude': 34.99915, 'longitude': -97.3624166, 'county': 'McClain', 'river_basin': 'Canadian R.', 'ecoregion': 'Cross Timbers', 'source_file': 'cleaned_site_data.csv', 'source_description': 'Master site data', 'latitude_source': 'cleaned_site_data.csv', 'longitude_source': 'cleaned_site_data.csv', 'county_source': 'cleaned_site_data.csv', 'river_basin_source': 'cleaned_site_data.csv', 'ecoregion_source': 'cleaned_site_data.csv'}","{'site_name': 'Walnut Creek: Purcell', 'latitude': 34.99915, 'longitude': -97.3624166, 'county': None, 'river_basin': None, 'ecoregion': 'Central Great Plains', 'source_file': 'cleaned_macro_data.csv', 'source_description': 'Macroinvertebrate data'}"
Whitewater Creek: E 330 Road,"[""longitude: '-94.75964' vs '-94.7596389'"", ""ecoregion: 'Ouachita Mountains' vs 'Ozark Highlands'""]",cleaned_site_data.csv,cleaned_macro_data.csv,"{'site_name': 'Whitewater Creek: E 330 Road', 'latitude': 36.539, 'longitude': -94.75964, 'county': 'Delaware', 'river_basin': 'Arkansas R.', 'ecoregion': 'Ouachita Mountains', 'source_file': 'cleaned_site_data.csv', 'source_description': 'Master site data', 'latitude_source': 'cleaned_site_data.csv', 'longitude_source': 'cleaned_site_data.csv', 'county_source': 'cleaned_site_data.csv', 'river_basin_source': 'cleaned_site_data.csv', 'ecoregion_source': 'cleaned_site_data.csv'}","{'site_name': 'Whitewater Creek: E 330 Road', 'latitude': 36.539, 'longitude': -94.7596389, 'county': None, 'river_basin': None, 'ecoregion': 'Ozark Highlands', 'source_file': 'cleaned_macro_data.csv', 'source_description': 'Macroinvertebrate data'}"
Wolf Creek: US Hwy 283,"[""latitude: '36.30192' vs '36.30191667'"", ""longitude: '-99.88236' vs '-99.88236111'""]",cleaned_site_data.csv,cleaned_macro_data.csv,"{'site_name': 'Wolf Creek: US Hwy 283', 'latitude': 36.30192, 'longitude': -99.88236, 'county': 'Ellis', 'river_basin': 'Canadian R.', 'ecoregion': 'Southwestern Tablelands', 'source_file': 'cleaned_site_data.csv', 'source_description': 'Master site data', 'latitude_source': 'cleaned_site_data.csv', 'longitude_source': 'cleaned_site_data.csv', 'county_source': 'cleaned_site_data.csv', 'river_basin_source': 'cleaned_site_data.csv', 'ecoregion_source': 'cleaned_site_data.csv'}","{'site_name': 'Wolf Creek: US Hwy 283', 'latitude': 36.30191667, 'longitude': -99.88236111, 'county': None, 'river_basin': None, 'ecoregion': 'Southwestern Tablelands', 'source_file': 'cleaned_macro_data.csv', 'source_description': 'Macroinvertebrate data'}"
